{"format": "layers-model", "generatedBy": "keras v2.8.0", "convertedBy": "TensorFlow.js Converter v3.18.0", "modelTopology": {"keras_version": "2.8.0", "backend": "tensorflow", "model_config": {"class_name": "Functional", "config": {"name": "model", "layers": [{"class_name": "InputLayer", "config": {"batch_input_shape": [null, null], "dtype": "float32", "sparse": false, "ragged": false, "name": "input_1"}, "name": "input_1", "inbound_nodes": []}, {"class_name": "Embedding", "config": {"name": "embedding_2", "trainable": true, "batch_input_shape": [null, null], "dtype": "float32", "input_dim": 4091, "output_dim": 128, "embeddings_initializer": {"class_name": "RandomUniform", "config": {"minval": -0.05, "maxval": 0.05, "seed": null}}, "embeddings_regularizer": null, "activity_regularizer": null, "embeddings_constraint": null, "mask_zero": false, "input_length": null}, "name": "embedding_2", "inbound_nodes": [[["input_1", 0, 0, {}]]]}, {"class_name": "Embedding", "config": {"name": "embedding_3", "trainable": true, "batch_input_shape": [null, null], "dtype": "float32", "input_dim": 4876, "output_dim": 128, "embeddings_initializer": {"class_name": "RandomUniform", "config": {"minval": -0.05, "maxval": 0.05, "seed": null}}, "embeddings_regularizer": null, "activity_regularizer": null, "embeddings_constraint": null, "mask_zero": false, "input_length": null}, "name": "embedding_3", "inbound_nodes": [[["input_1", 0, 0, {}]]]}, {"class_name": "LSTM", "config": {"name": "lstm_2", "trainable": true, "dtype": "float32", "return_sequences": true, "return_state": true, "go_backwards": false, "stateful": false, "unroll": false, "time_major": false, "units": 512, "activation": "tanh", "recurrent_activation": "sigmoid", "use_bias": true, "kernel_initializer": {"class_name": "GlorotUniform", "config": {"seed": null}, "shared_object_id": 5}, "recurrent_initializer": {"class_name": "GlorotUniform", "config": {"seed": null}, "shared_object_id": 6}, "bias_initializer": {"class_name": "Zeros", "config": {}, "shared_object_id": 7}, "unit_forget_bias": true, "kernel_regularizer": null, "recurrent_regularizer": null, "bias_regularizer": null, "activity_regularizer": null, "kernel_constraint": null, "recurrent_constraint": null, "bias_constraint": null, "dropout": 0.0, "recurrent_dropout": 0.0, "implementation": 2}, "name": "lstm_2", "inbound_nodes": [[["embedding_2", 0, 0, {}]]]}, {"class_name": "LSTM", "config": {"name": "lstm_3", "trainable": true, "dtype": "float32", "return_sequences": true, "return_state": true, "go_backwards": false, "stateful": false, "unroll": false, "time_major": false, "units": 512, "activation": "tanh", "recurrent_activation": "sigmoid", "use_bias": true, "kernel_initializer": {"class_name": "GlorotUniform", "config": {"seed": null}, "shared_object_id": 10}, "recurrent_initializer": {"class_name": "GlorotUniform", "config": {"seed": null}, "shared_object_id": 11}, "bias_initializer": {"class_name": "Zeros", "config": {}, "shared_object_id": 12}, "unit_forget_bias": true, "kernel_regularizer": null, "recurrent_regularizer": null, "bias_regularizer": null, "activity_regularizer": null, "kernel_constraint": null, "recurrent_constraint": null, "bias_constraint": null, "dropout": 0.0, "recurrent_dropout": 0.0, "implementation": 2}, "name": "lstm_3", "inbound_nodes": [[["embedding_3", 0, 0, {}], ["lstm_2", 0, 1, {}], ["lstm_2", 0, 2, {}]]]}, {"class_name": "TFOpLambda", "config": {"name": "tf.expand_dims", "trainable": true, "dtype": "float32", "function": "expand_dims"}, "name": "tf.expand_dims", "inbound_nodes": [["lstm_3", 0, 0, {"axis": 1}]]}, {"class_name": "Dense", "config": {"name": "dense_5", "trainable": true, "dtype": "float32", "units": 512, "activation": "linear", "use_bias": true, "kernel_initializer": {"class_name": "GlorotUniform", "config": {"seed": null}}, "bias_initializer": {"class_name": "Zeros", "config": {}}, "kernel_regularizer": null, "bias_regularizer": null, "activity_regularizer": null, "kernel_constraint": null, "bias_constraint": null}, "name": "dense_5", "inbound_nodes": [[["tf.expand_dims", 0, 0, {}]]]}, {"class_name": "Dense", "config": {"name": "dense_6", "trainable": true, "dtype": "float32", "units": 512, "activation": "linear", "use_bias": true, "kernel_initializer": {"class_name": "GlorotUniform", "config": {"seed": null}}, "bias_initializer": {"class_name": "Zeros", "config": {}}, "kernel_regularizer": null, "bias_regularizer": null, "activity_regularizer": null, "kernel_constraint": null, "bias_constraint": null}, "name": "dense_6", "inbound_nodes": [[["lstm_2", 0, 0, {}]]]}, {"class_name": "TFOpLambda", "config": {"name": "tf.__operators__.add", "trainable": true, "dtype": "float32", "function": "__operators__.add"}, "name": "tf.__operators__.add", "inbound_nodes": [["dense_5", 0, 0, {"y": ["dense_6", 0, 0], "name": null}]]}, {"class_name": "TFOpLambda", "config": {"name": "tf.math.tanh", "trainable": true, "dtype": "float32", "function": "math.tanh"}, "name": "tf.math.tanh", "inbound_nodes": [["tf.__operators__.add", 0, 0, {"name": null}]]}, {"class_name": "Dense", "config": {"name": "dense_7", "trainable": true, "dtype": "float32", "units": 1, "activation": "linear", "use_bias": true, "kernel_initializer": {"class_name": "GlorotUniform", "config": {"seed": null}}, "bias_initializer": {"class_name": "Zeros", "config": {}}, "kernel_regularizer": null, "bias_regularizer": null, "activity_regularizer": null, "kernel_constraint": null, "bias_constraint": null}, "name": "dense_7", "inbound_nodes": [[["tf.math.tanh", 0, 0, {}]]]}, {"class_name": "TFOpLambda", "config": {"name": "tf.nn.softmax", "trainable": true, "dtype": "float32", "function": "nn.softmax"}, "name": "tf.nn.softmax", "inbound_nodes": [["dense_7", 0, 0, {"axis": 1}]]}, {"class_name": "TFOpLambda", "config": {"name": "tf.math.multiply", "trainable": true, "dtype": "float32", "function": "math.multiply"}, "name": "tf.math.multiply", "inbound_nodes": [["tf.nn.softmax", 0, 0, {"y": ["lstm_2", 0, 0], "name": null}]]}, {"class_name": "TFOpLambda", "config": {"name": "tf.math.reduce_sum", "trainable": true, "dtype": "float32", "function": "math.reduce_sum"}, "name": "tf.math.reduce_sum", "inbound_nodes": [["tf.math.multiply", 0, 0, {"axis": 1}]]}, {"class_name": "TFOpLambda", "config": {"name": "tf.concat", "trainable": true, "dtype": "float32", "function": "concat"}, "name": "tf.concat", "inbound_nodes": [[["tf.math.reduce_sum", 0, 0, {"axis": -1}], ["lstm_3", 0, 0, {"axis": -1}]]]}, {"class_name": "Dense", "config": {"name": "dense_8", "trainable": true, "dtype": "float32", "units": 512, "activation": "tanh", "use_bias": true, "kernel_initializer": {"class_name": "GlorotUniform", "config": {"seed": null}}, "bias_initializer": {"class_name": "Zeros", "config": {}}, "kernel_regularizer": null, "bias_regularizer": null, "activity_regularizer": null, "kernel_constraint": null, "bias_constraint": null}, "name": "dense_8", "inbound_nodes": [[["tf.concat", 0, 0, {}]]]}, {"class_name": "Dense", "config": {"name": "dense_9", "trainable": true, "dtype": "float32", "units": 4876, "activation": "linear", "use_bias": true, "kernel_initializer": {"class_name": "GlorotUniform", "config": {"seed": null}}, "bias_initializer": {"class_name": "Zeros", "config": {}}, "kernel_regularizer": null, "bias_regularizer": null, "activity_regularizer": null, "kernel_constraint": null, "bias_constraint": null}, "name": "dense_9", "inbound_nodes": [[["dense_8", 0, 0, {}]]]}], "input_layers": [["input_1", 0, 0]], "output_layers": [["dense_9", 0, 0]]}}, "training_config": {"loss": {"class_name": "SparseCategoricalCrossentropy", "config": {"reduction": "none", "name": "sparse_categorical_crossentropy", "from_logits": true}}, "metrics": [[{"class_name": "MeanMetricWrapper", "config": {"name": "accuracy", "dtype": "float32", "fn": "sparse_categorical_accuracy"}}]], "weighted_metrics": null, "loss_weights": null, "optimizer_config": {"class_name": "Adam", "config": {"name": "Adam", "learning_rate": 0.0010000000474974513, "decay": 0.0, "beta_1": 0.8999999761581421, "beta_2": 0.9990000128746033, "epsilon": 1e-07, "amsgrad": false}}}}, "weightsManifest": [{"paths": ["group1-shard1of7.bin", "group1-shard2of7.bin", "group1-shard3of7.bin", "group1-shard4of7.bin", "group1-shard5of7.bin", "group1-shard6of7.bin", "group1-shard7of7.bin"], "weights": [{"name": "dense_5/kernel", "shape": [512, 512], "dtype": "float32"}, {"name": "dense_5/bias", "shape": [512], "dtype": "float32"}, {"name": "dense_6/kernel", "shape": [512, 512], "dtype": "float32"}, {"name": "dense_6/bias", "shape": [512], "dtype": "float32"}, {"name": "dense_7/kernel", "shape": [512, 1], "dtype": "float32"}, {"name": "dense_7/bias", "shape": [1], "dtype": "float32"}, {"name": "dense_8/kernel", "shape": [1024, 512], "dtype": "float32"}, {"name": "dense_8/bias", "shape": [512], "dtype": "float32"}, {"name": "dense_9/kernel", "shape": [512, 4876], "dtype": "float32"}, {"name": "dense_9/bias", "shape": [4876], "dtype": "float32"}, {"name": "embedding_2/embeddings", "shape": [4091, 128], "dtype": "float32"}, {"name": "embedding_3/embeddings", "shape": [4876, 128], "dtype": "float32"}, {"name": "lstm_2/lstm_cell_2/kernel", "shape": [128, 2048], "dtype": "float32"}, {"name": "lstm_2/lstm_cell_2/recurrent_kernel", "shape": [512, 2048], "dtype": "float32"}, {"name": "lstm_2/lstm_cell_2/bias", "shape": [2048], "dtype": "float32"}, {"name": "lstm_3/lstm_cell_3/kernel", "shape": [128, 2048], "dtype": "float32"}, {"name": "lstm_3/lstm_cell_3/recurrent_kernel", "shape": [512, 2048], "dtype": "float32"}, {"name": "lstm_3/lstm_cell_3/bias", "shape": [2048], "dtype": "float32"}]}]}