{"<start>": 1, "<end>": 2, "aku": 3, "tom": 4, "tidak": 5, "yang": 6, "kamu": 7, "itu": 8, "di": 9, "ini": 10, "apa": 11, "saya": 12, "dia": 13, "akan": 14, "kau": 15, "dengan": 16, "bisa": 17, "ke": 18, "untuk": 19, "kami": 20, "ada": 21, "pergi": 22, "ingin": 23, "kita": 24, "anda": 25, "tahu": 26, "mary": 27, "sudah": 28, "adalah": 29, "apakah": 30, "harus": 31, "sangat": 32, "lebih": 33, "orang": 34, "dan": 35, "dari": 36, "mana": 37, "sedang": 38, "lagi": 39, "makan": 40, "suka": 41, "punya": 42, "pada": 43, "benar": 44, "banyak": 45, "mereka": 46, "hari": 47, "dalam": 48, "telah": 49, "sini": 50, "baik": 51, "pernah": 52, "melakukan": 53, "hal": 54, "jangan": 55, "anak": 56, "mau": 57, "berapa": 58, "seorang": 59, "melihat": 60, "saja": 61, "rumah": 62, "masih": 63, "tolong": 64, "semua": 65, "kalau": 66, "sebuah": 67, "datang": 68, "waktu": 69, "siapa": 70, "tahun": 71, "bahwa": 72, "bahasa": 73, "mungkin": 74, "bagaimana": 75, "bukan": 76, "sesuatu": 77, "seperti": 78, "lakukan": 79, "buku": 80, "satu": 81, "ia": 82, "sekarang": 83, "sekali": 84, "belum": 85, "melakukannya": 86, "memiliki": 87, "tiga": 88, "mari": 89, "kapan": 90, "laki": 91, "terjadi": 92, "menjadi": 93, "terlihat": 94, "perlu": 95, "tinggal": 96, "jam": 97, "bertemu": 98, "kembali": 99, "pikir": 100, "kenapa": 101, "baru": 102, "malam": 103, "selalu": 104, "saat": 105, "berbicara": 106, "lama": 107, "tentang": 108, "tidur": 109, "lalu": 110, "sampai": 111, "kalian": 112, "sama": 113, "mobil": 114, "karena": 115, "bermain": 116, "senang": 117, "masalah": 118, "terlalu": 119, "salah": 120, "jika": 121, "merasa": 122, "dapat": 123, "uang": 124, "hanya": 125, "kemarin": 126, "yakin": 127, "katakan": 128, "mulai": 129, "menunggu": 130, "sendiri": 131, "bekerja": 132, "bisakah": 133, "minum": 134, "jalan": 135, "selama": 136, "beberapa": 137, "belajar": 138, "boston": 139, "sana": 140, "besok": 141, "membeli": 142, "membaca": 143, "membuat": 144, "boleh": 145, "pulang": 146, "cukup": 147, "mencoba": 148, "ruangan": 149, "besar": 150, "membantu": 151, "pagi": 152, "mengapa": 153, "sakit": 154, "sekolah": 155, "dua": 156, "pukul": 157, "lain": 158, "padamu": 159, "ketika": 160, "berada": 161, "atas": 162, "juga": 163, "padaku": 164, "tempat": 165, "denganmu": 166, "setiap": 167, "kali": 168, "berhenti": 169, "hidup": 170, "luar": 171, "berkata": 172, "jepang": 173, "keluar": 174, "kucing": 175, "hujan": 176, "tadi": 177, "panas": 178, "depan": 179, "pekerjaan": 180, "kepada": 181, "semuanya": 182, "daripada": 183, "cepat": 184, "mati": 185, "tepat": 186, "bilang": 187, "kereta": 188, "sepertinya": 189, "minggu": 190, "inggris": 191, "seharusnya": 192, "prancis": 193, "dunia": 194, "bagus": 195, "harap": 196, "duduk": 197, "teman": 198, "kasih": 199, "percaya": 200, "turun": 201, "tua": 202, "sedikit": 203, "cara": 204, "mengatakan": 205, "kota": 206, "pun": 207, "tiba": 208, "apapun": 209, "musim": 210, "makanan": 211, "siang": 212, "marah": 213, "pasti": 214, "hampir": 215, "mengambil": 216, "hati": 217, "dulu": 218, "air": 219, "diri": 220, "menemukan": 221, "bulan": 222, "anjing": 223, "berenang": 224, "masuk": 225, "mendengar": 226, "sering": 227, "meja": 228, "paling": 229, "akhir": 230, "stasiun": 231, "atau": 232, "mengerti": 233, "tak": 234, "terima": 235, "dokter": 236, "terlambat": 237, "takut": 238, "bersama": 239, "begitu": 240, "lihat": 241, "pertanyaan": 242, "kamar": 243, "kecil": 244, "dingin": 245, "lapar": 246, "bercanda": 247, "keras": 248, "maaf": 249, "tersebut": 250, "mencari": 251, "ya": 252, "setelah": 253, "surat": 254, "musik": 255, "sibuk": 256, "berpikir": 257, "menyukai": 258, "tapi": 259, "setuju": 260, "bangun": 261, "menangis": 262, "merokok": 263, "berangkat": 264, "ulang": 265, "jauh": 266, "bolehkah": 267, "memberi": 268, "oleh": 269, "guru": 270, "meminta": 271, "tetap": 272, "lelah": 273, "siswa": 274, "butuh": 275, "kesalahan": 276, "awal": 277, "tinggi": 278, "satunya": 279, "tanpa": 280, "sebelum": 281, "aneh": 282, "bawah": 283, "tangan": 284, "membutuhkan": 285, "memakan": 286, "perempuan": 287, "berjalan": 288, "dengannya": 289, "sebenarnya": 290, "menulis": 291, "seseorang": 292, "kan": 293, "tetapi": 294, "selamat": 295, "segera": 296, "sendirian": 297, "bahagia": 298, "berikan": 299, "selesai": 300, "lupa": 301, "rasa": 302, "silakan": 303, "nanti": 304, "melihatnya": 305, "apel": 306, "sebentar": 307, "membuatku": 308, "kehilangan": 309, "meninggalkan": 310, "sebaiknya": 311, "rapat": 312, "lintas": 313, "terus": 314, "indah": 315, "muda": 316, "enak": 317, "buruk": 318, "pintu": 319, "mengenakan": 320, "ayah": 321, "bicara": 322, "secara": 323, "padanya": 324, "mendapatkan": 325, "kira": 326, "kopi": 327, "memberitahu": 328, "menarik": 329, "meninggal": 330, "menit": 331, "hingga": 332, "pertama": 333, "cinta": 334, "siap": 335, "menggunakan": 336, "sepeda": 337, "nama": 338, "berhasil": 339, "ingat": 340, "sepuluh": 341, "menyelesaikan": 342, "para": 343, "minta": 344, "tertarik": 345, "kecelakaan": 346, "amerika": 347, "tahan": 348, "serius": 349, "merah": 350, "berubah": 351, "berat": 352, "bunga": 353, "terkenal": 354, "memberitahuku": 355, "terakhir": 356, "menonton": 357, "bagi": 358, "biarkan": 359, "mudah": 360, "penting": 361, "bertanya": 362, "beli": 363, "inginkan": 364, "sepanjang": 365, "toko": 366, "sebelumnya": 367, "mengetahui": 368, "sulit": 369, "pesta": 370, "menghabiskan": 371, "dirinya": 372, "gila": 373, "film": 374, "berusaha": 375, "pintunya": 376, "negeri": 377, "menuju": 378, "mampu": 379, "semalam": 380, "ayo": 381, "menyenangkan": 382, "terbaik": 383, "seekor": 384, "berbohong": 385, "cantik": 386, "jadi": 387, "rumahku": 388, "kedua": 389, "itulah": 390, "agak": 391, "bahkan": 392, "harga": 393, "ketimbang": 394, "australia": 395, "ayahnya": 396, "kemacetan": 397, "pesawat": 398, "mabuk": 399, "coba": 400, "biasa": 401, "delapan": 402, "lantai": 403, "berlari": 404, "kebingungan": 405, "jatuh": 406, "tutup": 407, "barang": 408, "temanku": 409, "bukankah": 410, "puluh": 411, "membuatmu": 412, "kertas": 413, "pria": 414, "terkejut": 415, "mengunjungi": 416, "novel": 417, "telepon": 418, "kurang": 419, "kelas": 420, "senin": 421, "sebagai": 422, "gadis": 423, "gunung": 424, "menyadari": 425, "kartu": 426, "lima": 427, "semakin": 428, "enam": 429, "menerima": 430, "menang": 431, "beri": 432, "kabar": 433, "milik": 434, "saudara": 435, "bus": 436, "cuma": 437, "murah": 438, "tanganmu": 439, "membayar": 440, "denganku": 441, "membantumu": 442, "dimulai": 443, "putih": 444, "mempunyai": 445, "sepatu": 446, "memang": 447, "terbiasa": 448, "pulau": 449, "memutuskan": 450, "mendengarkan": 451, "sejak": 452, "ibunya": 453, "kerja": 454, "anggur": 455, "keadaan": 456, "bodoh": 457, "peduli": 458, "jelas": 459, "mencobanya": 460, "kulakukan": 461, "bantuan": 462, "berdua": 463, "30": 464, "bersalah": 465, "mempercayai": 466, "ayahku": 467, "keretanya": 468, "mata": 469, "nasi": 470, "mendapat": 471, "ibuku": 472, "2": 473, "gelap": 474, "menutup": 475, "terhadap": 476, "memilih": 477, "berbahasa": 478, "kantor": 479, "biasanya": 480, "mahal": 481, "tim": 482, "gambar": 483, "bintang": 484, "hujannya": 485, "tunggu": 486, "menolak": 487, "dirimu": 488, "masa": 489, "lelucon": 490, "menyukainya": 491, "memakai": 492, "pindah": 493, "waktunya": 494, "adikku": 495, "kosong": 496, "terluka": 497, "kepala": 498, "minuman": 499, "manusia": 500, "ibu": 501, "menurutmu": 502, "ikut": 503, "pikirkan": 504, "membuka": 505, "tv": 506, "adik": 507, "jawaban": 508, "saling": 509, "menikah": 510, "sebelah": 511, "hadir": 512, "pakaian": 513, "cuaca": 514, "mengerjakan": 515, "dengar": 516, "diam": 517, "tinggalkan": 518, "bosan": 519, "capek": 520, "arah": 521, "penasaran": 522, "buka": 523, "paham": 524, "konyol": 525, "agar": 526, "mobilku": 527, "buah": 528, "meminjam": 529, "astronomi": 530, "lagu": 531, "kaki": 532, "tujuh": 533, "mandi": 534, "dilakukan": 535, "kemungkinan": 536, "keputusan": 537, "kata": 538, "mirip": 539, "tenis": 540, "roti": 541, "hangat": 542, "mengikuti": 543, "berencana": 544, "maukah": 545, "hotel": 546, "bola": 547, "ku": 548, "polisi": 549, "mengenal": 550, "berharap": 551, "favoritmu": 552, "sungai": 553, "kepadamu": 554, "berdiri": 555, "kemari": 556, "khawatir": 557, "kotak": 558, "mobilnya": 559, "cerita": 560, "beruntung": 561, "harganya": 562, "bayi": 563, "baca": 564, "pekerjaanmu": 565, "seberapa": 566, "lampunya": 567, "penuh": 568, "pekerjaannya": 569, "rencana": 570, "badan": 571, "ketinggalan": 572, "emas": 573, "seminggu": 574, "membantuku": 575, "menginap": 576, "perjalanan": 577, "sehari": 578, "lanjut": 579, "toilet": 580, "dapatkah": 581, "warna": 582, "menunjukkan": 583, "memainkan": 584, "akhirnya": 585, "10": 586, "akal": 587, "televisi": 588, "sukai": 589, "buang": 590, "busnya": 591, "rumahnya": 592, "anaknya": 593, "caranya": 594, "diminum": 595, "salju": 596, "alasan": 597, "memberikan": 598, "belas": 599, "lampu": 600, "berjanji": 601, "taman": 602, "menjawab": 603, "hentikan": 604, "membosankan": 605, "sehat": 606, "telur": 607, "api": 608, "lakiku": 609, "sepenuhnya": 610, "suara": 611, "kelihatannya": 612, "angkat": 613, "sungguh": 614, "kecewa": 615, "siapapun": 616, "tas": 617, "pinjam": 618, "dolar": 619, "kue": 620, "bertahan": 621, "mawar": 622, "naik": 623, "pakai": 624, "buat": 625, "tertawa": 626, "rahasia": 627, "dicuri": 628, "radionya": 629, "mengingat": 630, "lepas": 631, "kursi": 632, "segalanya": 633, "ikan": 634, "memerlukan": 635, "burung": 636, "ide": 637, "dapur": 638, "peraturan": 639, "suatu": 640, "pisau": 641, "soal": 642, "butuhkan": 643, "sekitar": 644, "kehidupan": 645, "pantai": 646, "dimana": 647, "mengubah": 648, "membawa": 649, "membuang": 650, "obat": 651, "beritahu": 652, "apinya": 653, "memberitahumu": 654, "anggota": 655, "menyembunyikan": 656, "negara": 657, "ambilkan": 658, "per": 659, "mengangkat": 660, "perusahaan": 661, "dekat": 662, "pernahkah": 663, "ketahui": 664, "merupakan": 665, "kecuali": 666, "john": 667, "murid": 668, "makasih": 669, "sedih": 670, "sempurna": 671, "gagal": 672, "duduklah": 673, "bersih": 674, "pintar": 675, "malu": 676, "oke": 677, "nyalakan": 678, "sayang": 679, "sudahkah": 680, "berselancar": 681, "mengemudi": 682, "ambil": 683, "buta": 684, "aturan": 685, "muak": 686, "harusnya": 687, "kakak": 688, "kakakku": 689, "namanya": 690, "taksi": 691, "berbahaya": 692, "bersenang": 693, "potong": 694, "lumayan": 695, "bea": 696, "hobiku": 697, "dulunya": 698, "anakku": 699, "bukanlah": 700, "bank": 701, "rasakan": 702, "memasak": 703, "tertidur": 704, "mencuci": 705, "berani": 706, "mengatakannya": 707, "membersihkan": 708, "kurasa": 709, "bir": 710, "tanah": 711, "berbeda": 712, "melihatmu": 713, "kenal": 714, "keberatan": 715, "terbuka": 716, "kesempatan": 717, "daftar": 718, "danau": 719, "melalui": 720, "piano": 721, "jujur": 722, "liburan": 723, "jarang": 724, "hidupku": 725, "menginginkan": 726, "mahasiswa": 727, "bantuanmu": 728, "sarankan": 729, "rasanya": 730, "kebun": 731, "untukmu": 732, "bioskop": 733, "usia": 734, "mematikan": 735, "keluarga": 736, "hitam": 737, "memahami": 738, "mengira": 739, "sarapan": 740, "rapatnya": 741, "mengalami": 742, "berhati": 743, "memperhatikan": 744, "kadang": 745, "jenis": 746, "penjara": 747, "jumpa": 748, "belok": 749, "terbakar": 750, "tersenyum": 751, "kaya": 752, "darah": 753, "kelelahan": 754, "dijual": 755, "menari": 756, "bernyanyi": 757, "perangko": 758, "berguna": 759, "terjebak": 760, "berasal": 761, "mencintai": 762, "memancing": 763, "flu": 764, "rambutmu": 765, "ketakutan": 766, "bangga": 767, "cukai": 768, "perancis": 769, "kamarnya": 770, "buru": 771, "batu": 772, "mengajar": 773, "libur": 774, "tertutup": 775, "nampak": 776, "pandai": 777, "suaranya": 778, "hadiah": 779, "cerdas": 780, "menyerah": 781, "jendela": 782, "lukisan": 783, "planet": 784, "bersiap": 785, "stasiunnya": 786, "langit": 787, "kamera": 788, "membiarkan": 789, "pekerja": 790, "susu": 791, "parah": 792, "sengaja": 793, "tunjukkan": 794, "ujian": 795, "bandara": 796, "kuat": 797, "tuaku": 798, "olahraga": 799, "mematuhi": 800, "alamat": 801, "kupikir": 802, "bertahun": 803, "lancar": 804, "membicarakan": 805, "bukannya": 806, "memberimu": 807, "milikku": 808, "tangga": 809, "pura": 810, "tiket": 811, "museum": 812, "digunakan": 813, "bagiku": 814, "mengucapkan": 815, "kolam": 816, "ruang": 817, "nomor": 818, "lulus": 819, "biaya": 820, "temannya": 821, "hutan": 822, "barunya": 823, "pesan": 824, "maka": 825, "pekan": 826, "menghubungi": 827, "perpustakaan": 828, "tawaran": 829, "serikat": 830, "seluruh": 831, "akibat": 832, "umumnya": 833, "lari": 834, "bangunlah": 835, "hai": 836, "lupakan": 837, "ski": 838, "tugas": 839, "pelan": 840, "halo": 841, "teh": 842, "biru": 843, "berterima": 844, "pingsan": 845, "mengenalnya": 846, "bohong": 847, "memperbaiki": 848, "kembar": 849, "bermimpi": 850, "jaga": 851, "tampak": 852, "menanam": 853, "pucat": 854, "bingung": 855, "kabarmu": 856, "lucu": 857, "rusak": 858, "lewat": 859, "layang": 860, "habis": 861, "berteman": 862, "bawakan": 863, "gigi": 864, "mengetahuinya": 865, "terkena": 866, "membuatnya": 867, "menyeberang": 868, "jasmu": 869, "dariku": 870, "merindukan": 871, "nyenyak": 872, "ayahmu": 873, "kamarmu": 874, "namaku": 875, "sarung": 876, "asing": 877, "volume": 878, "baju": 879, "kekurangan": 880, "adanya": 881, "kamus": 882, "terkadang": 883, "umum": 884, "terbang": 885, "tidakkah": 886, "wanita": 887, "sempit": 888, "daging": 889, "situasi": 890, "menjaga": 891, "gitar": 892, "peta": 893, "memeriksa": 894, "seharian": 895, "gelas": 896, "payung": 897, "sembilan": 898, "keluarganya": 899, "panjang": 900, "koran": 901, "radio": 902, "gula": 903, "merasakan": 904, "yen": 905, "meninggalkanmu": 906, "memikirkan": 907, "kebanyakan": 908, "es": 909, "berakhir": 910, "lubang": 911, "topi": 912, "pelajaran": 913, "bosnya": 914, "terbuat": 915, "badai": 916, "lahir": 917, "menolong": 918, "dimakan": 919, "kemudian": 920, "berniat": 921, "dibaca": 922, "mencuri": 923, "terasa": 924, "tiap": 925, "memecahkan": 926, "kepalanya": 927, "tetangga": 928, "3": 929, "cocok": 930, "empat": 931, "antara": 932, "perbuat": 933, "bergabung": 934, "menghadiri": 935, "masalahnya": 936, "menanyakan": 937, "mengeluh": 938, "lakinya": 939, "permisi": 940, "golf": 941, "memasuki": 942, "uangnya": 943, "bersamanya": 944, "ditemukan": 945, "sim": 946, "menyangka": 947, "melewati": 948, "terdapat": 949, "pacarnya": 950, "mempelajari": 951, "bangunan": 952, "petugas": 953, "berikutnya": 954, "cepatlah": 955, "bergerak": 956, "benarkah": 957, "tenang": 958, "rindu": 959, "kanan": 960, "berkelahi": 961, "berwarna": 962, "menyesal": 963, "bonnya": 964, "benci": 965, "bawa": 966, "bantu": 967, "aktor": 968, "bebas": 969, "terserah": 970, "santai": 971, "padi": 972, "milikmu": 973, "panggil": 974, "nikmati": 975, "ekor": 976, "mobilmu": 977, "temanmu": 978, "aman": 979, "manakah": 980, "mengecewakanku": 981, "tersesat": 982, "rambut": 983, "pinjaman": 984, "namamu": 985, "matahari": 986, "berharga": 987, "maksudmu": 988, "bau": 989, "mendengarnya": 990, "semangka": 991, "mengkhawatirkan": 992, "pelajar": 993, "kebiasaan": 994, "istirahat": 995, "piza": 996, "dinding": 997, "mengatur": 998, "subuh": 999, "informasi": 1000, "melarikan": 1001, "terang": 1002, "beritahukan": 1003, "boneka": 1004, "melompat": 1005, "bumi": 1006, "menghentikan": 1007, "kelihatan": 1008, "kehabisan": 1009, "darimu": 1010, "hantu": 1011, "membelikan": 1012, "mejanya": 1013, "gaji": 1014, "jeruk": 1015, "matamu": 1016, "000": 1017, "sangatlah": 1018, "cari": 1019, "kuda": 1020, "berumur": 1021, "tiri": 1022, "pajak": 1023, "kebakaran": 1024, "selamanya": 1025, "berita": 1026, "memotong": 1027, "tengah": 1028, "rak": 1029, "menebak": 1030, "menahannya": 1031, "sejam": 1032, "paspor": 1033, "istri": 1034, "menyebabkan": 1035, "layak": 1036, "mengendarai": 1037, "tulisan": 1038, "5": 1039, "berisik": 1040, "jendelanya": 1041, "darinya": 1042, "setengah": 1043, "diriku": 1044, "meletakkan": 1045, "binatang": 1046, "kedengarannya": 1047, "serangga": 1048, "komputer": 1049, "saran": 1050, "merawat": 1051, "kulit": 1052, "kepadaku": 1053, "menandatangani": 1054, "pilihan": 1055, "kecilkan": 1056, "tulis": 1057, "sejauh": 1058, "meskipun": 1059, "menurutku": 1060, "menyiapkan": 1061, "sepak": 1062, "menghemat": 1063, "tes": 1064, "usianya": 1065, "angin": 1066, "alergi": 1067, "menjual": 1068, "istrinya": 1069, "memintanya": 1070, "main": 1071, "eropa": 1072, "kesehatan": 1073, "ragu": 1074, "filmnya": 1075, "tahunku": 1076, "berfikir": 1077, "isi": 1078, "pikiran": 1079, "gedung": 1080, "dilarang": 1081, "bicarakan": 1082, "kunci": 1083, "tanda": 1084, "mendorong": 1085, "mendaki": 1086, "fuji": 1087, "memberitahukan": 1088, "nasihat": 1089, "selanjutnya": 1090, "langsung": 1091, "menemui": 1092, "hewan": 1093, "dikatakan": 1094, "seolah": 1095, "olah": 1096, "bayinya": 1097, "untukku": 1098, "kemana": 1099, "mengatasi": 1100, "menikahi": 1101, "terletak": 1102, "sesuai": 1103, "demi": 1104, "dibandingkan": 1105, "koper": 1106, "kanada": 1107, "tempurung": 1108, "seringkali": 1109, "jerman": 1110, "bila": 1111, "diadakan": 1112, "desa": 1113, "menduga": 1114, "gaya": 1115, "utara": 1116, "rasi": 1117, "gajah": 1118, "tahunnya": 1119, "pengalaman": 1120, "mesin": 1121, "kemampuan": 1122, "pemeriksaan": 1123, "perlihatkan": 1124, "ngantuk": 1125, "bertengkar": 1126, "lihatlah": 1127, "bertarung": 1128, "menggambar": 1129, "mempermainkanku": 1130, "mengerikan": 1131, "kakiku": 1132, "mimpi": 1133, "ramah": 1134, "cobalah": 1135, "memperbaikinya": 1136, "berhentilah": 1137, "asia": 1138, "sentuh": 1139, "telat": 1140, "kacamata": 1141, "meneleponmu": 1142, "renang": 1143, "berteriak": 1144, "ayam": 1145, "gugup": 1146, "sih": 1147, "mengajak": 1148, "makananmu": 1149, "barangmu": 1150, "umur": 1151, "istriku": 1152, "menangkap": 1153, "normal": 1154, "tasmu": 1155, "coklat": 1156, "berusia": 1157, "alkohol": 1158, "bersamaku": 1159, "wawancara": 1160, "turis": 1161, "asli": 1162, "salahku": 1163, "hobi": 1164, "harapan": 1165, "ceritakan": 1166, "dewasa": 1167, "memberiku": 1168, "menelepon": 1169, "dibangun": 1170, "bangunkan": 1171, "menahan": 1172, "pusat": 1173, "pernikahan": 1174, "menabrak": 1175, "masakan": 1176, "pilih": 1177, "bergegas": 1178, "adakah": 1179, "mampir": 1180, "garam": 1181, "sanggup": 1182, "memesan": 1183, "sejarah": 1184, "seni": 1185, "gratis": 1186, "gereja": 1187, "hilang": 1188, "suratmu": 1189, "masalahku": 1190, "kopinya": 1191, "membunuhku": 1192, "terkunci": 1193, "sepedaku": 1194, "permainan": 1195, "matanya": 1196, "hasilnya": 1197, "secepatnya": 1198, "terjaga": 1199, "sepatumu": 1200, "handuk": 1201, "nya": 1202, "tuamu": 1203, "akurat": 1204, "sapi": 1205, "menuruni": 1206, "tahunmu": 1207, "mengundang": 1208, "pensil": 1209, "jawabanmu": 1210, "afrika": 1211, "pizza": 1212, "kameraku": 1213, "diluar": 1214, "menderita": 1215, "jiwa": 1216, "kedalam": 1217, "pengacara": 1218, "kananku": 1219, "terdengar": 1220, "bima": 1221, "sakti": 1222, "perut": 1223, "menurunkan": 1224, "berulang": 1225, "pertandingan": 1226, "kerjakan": 1227, "kembalikan": 1228, "cerah": 1229, "nggak": 1230, "laut": 1231, "new": 1232, "mencukur": 1233, "mengenai": 1234, "babi": 1235, "kalimat": 1236, "menjelaskannya": 1237, "mengirimkan": 1238, "membunuh": 1239, "pak": 1240, "memberikannya": 1241, "catatan": 1242, "acara": 1243, "kredit": 1244, "london": 1245, "membujuk": 1246, "susah": 1247, "berarti": 1248, "menolongnya": 1249, "jawab": 1250, "dibanding": 1251, "langitnya": 1252, "jebakan": 1253, "permasalahan": 1254, "bersembunyi": 1255, "terbunuh": 1256, "dibunuh": 1257, "hidupnya": 1258, "menaiki": 1259, "memberitahunya": 1260, "berdansa": 1261, "pelanggan": 1262, "menjatuhkan": 1263, "istrimu": 1264, "hitung": 1265, "tahukah": 1266, "dibuat": 1267, "laporan": 1268, "perasaanmu": 1269, "kuharap": 1270, "paris": 1271, "ternyata": 1272, "pacarku": 1273, "keluargaku": 1274, "kenakan": 1275, "menunjuk": 1276, "melindungi": 1277, "mempercayaiku": 1278, "berbuat": 1279, "melihatku": 1280, "masing": 1281, "menaruh": 1282, "seratus": 1283, "pendapat": 1284, "lengan": 1285, "tokyo": 1286, "jadwal": 1287, "angka": 1288, "matikan": 1289, "kejadian": 1290, "diatas": 1291, "fiksi": 1292, "paruh": 1293, "terdekat": 1294, "membiarkannya": 1295, "memasukkan": 1296, "menikmati": 1297, "pemuda": 1298, "menangani": 1299, "perang": 1300, "menyarankan": 1301, "mengadakan": 1302, "ngomong": 1303, "teleponnya": 1304, "menganggap": 1305, "andai": 1306, "akulah": 1307, "dahulu": 1308, "halaman": 1309, "penerbangan": 1310, "metode": 1311, "menjelaskan": 1312, "sweter": 1313, "lusin": 1314, "tuanya": 1315, "pr": 1316, "mu": 1317, "meksiko": 1318, "mengumpulkan": 1319, "jembatan": 1320, "gunanya": 1321, "sma": 1322, "gunakan": 1323, "jumlah": 1324, "pacar": 1325, "secangkir": 1326, "raja": 1327, "kaca": 1328, "mengaku": 1329, "nyaman": 1330, "barumu": 1331, "produk": 1332, "selain": 1333, "perlahan": 1334, "sementara": 1335, "berbelanja": 1336, "untuknya": 1337, "matematika": 1338, "sampah": 1339, "tidaklah": 1340, "tata": 1341, "sebagian": 1342, "bantal": 1343, "landas": 1344, "keduanya": 1345, "pabean": 1346, "semenjak": 1347, "laba": 1348, "foto": 1349, "sumber": 1350, "solusi": 1351, "suhu": 1352, "konser": 1353, "memintaku": 1354, "universitas": 1355, "6": 1356, "kesulitan": 1357, "lensa": 1358, "perkataan": 1359, "terbesar": 1360, "maupun": 1361, "laku": 1362, "petunjuk": 1363, "ilmu": 1364, "klasik": 1365, "1": 1366, "ratus": 1367, "kupu": 1368, "sisi": 1369, "lompat": 1370, "senyum": 1371, "beneran": 1372, "mengagumkan": 1373, "kawan": 1374, "awas": 1375, "tenanglah": 1376, "datanglah": 1377, "memukul": 1378, "janji": 1379, "tentu": 1380, "kiri": 1381, "panggilan": 1382, "pergilah": 1383, "menemukanmu": 1384, "mempercayainya": 1385, "punyaku": 1386, "kelaparan": 1387, "haus": 1388, "gemuk": 1389, "situ": 1390, "kurus": 1391, "tanya": 1392, "teruslah": 1393, "membutuhkannya": 1394, "ufo": 1395, "nasinya": 1396, "tuhan": 1397, "menembak": 1398, "lakimu": 1399, "anakmu": 1400, "pegang": 1401, "biola": 1402, "puas": 1403, "lepaskan": 1404, "memahaminya": 1405, "perubahan": 1406, "rasional": 1407, "serigala": 1408, "dipercaya": 1409, "lilinnya": 1410, "memercayai": 1411, "alam": 1412, "melupakannya": 1413, "alami": 1414, "pulpenku": 1415, "menghitung": 1416, "menggali": 1417, "gigitan": 1418, "kuncinya": 1419, "kena": 1420, "18": 1421, "pembohong": 1422, "membingungkan": 1423, "pelayan": 1424, "ditangkap": 1425, "keracunan": 1426, "siapakah": 1427, "kencur": 1428, "menghargai": 1429, "mempercayaimu": 1430, "ceritanya": 1431, "pemalu": 1432, "semacam": 1433, "semangat": 1434, "tanganku": 1435, "kotor": 1436, "agresif": 1437, "'kan": 1438, "aplikasi": 1439, "diperbaiki": 1440, "keren": 1441, "hukum": 1442, "pena": 1443, "syok": 1444, "melanjutkan": 1445, "memenangkan": 1446, "jurusanmu": 1447, "rumahmu": 1448, "telinga": 1449, "terburu": 1450, "nabatiwan": 1451, "melempar": 1452, "sikat": 1453, "pelatih": 1454, "singapura": 1455, "bandaranya": 1456, "panggilkan": 1457, "mengejutkan": 1458, "bermaksud": 1459, "kesepian": 1460, "menyakitimu": 1461, "tujuan": 1462, "disebut": 1463, "bukumu": 1464, "gurumu": 1465, "otak": 1466, "sabar": 1467, "jus": 1468, "pendapatmu": 1469, "mengandalkanmu": 1470, "rusa": 1471, "dompetku": 1472, "tambah": 1473, "bertingkah": 1474, "kaus": 1475, "paman": 1476, "lacinya": 1477, "bertindak": 1478, "konservatif": 1479, "bajumu": 1480, "8": 1481, "dasi": 1482, "tepatnya": 1483, "200": 1484, "bukit": 1485, "dihukum": 1486, "pensiun": 1487, "sepedamu": 1488, "pisang": 1489, "ok": 1490, "haruskah": 1491, "perintah": 1492, "televisinya": 1493, "menyala": 1494, "sopan": 1495, "penggemar": 1496, "tercengang": 1497, "mundur": 1498, "membiarkanmu": 1499, "benua": 1500, "hubungi": 1501, "selera": 1502, "memuji": 1503, "asuransi": 1504, "aula": 1505, "lorong": 1506, "perbedaan": 1507, "lainnya": 1508, "mars": 1509, "ditulis": 1510, "mengantarmu": 1511, "manapun": 1512, "kuenya": 1513, "tiongkok": 1514, "dikeluarkan": 1515, "melepas": 1516, "tunggulah": 1517, "2013": 1518, "nyamuk": 1519, "bisnis": 1520, "tau": 1521, "pikiranmu": 1522, "cokelat": 1523, "mengerjakannya": 1524, "kukatakan": 1525, "majalah": 1526, "dibesarkan": 1527, "deras": 1528, "york": 1529, "bulu": 1530, "bukunya": 1531, "pemburu": 1532, "bertambah": 1533, "menyeberangi": 1534, "gelasnya": 1535, "mengundurkan": 1536, "kooperatif": 1537, "sahabat": 1538, "rencanamu": 1539, "anggurnya": 1540, "kecoak": 1541, "e": 1542, "perempuannya": 1543, "bijaksana": 1544, "tempatmu": 1545, "memberikanmu": 1546, "mengirim": 1547, "sayangnya": 1548, "badannya": 1549, "pinjamkan": 1550, "sampaikan": 1551, "lukanya": 1552, "berlanjut": 1553, "airnya": 1554, "jutawan": 1555, "jas": 1556, "pilot": 1557, "mengantuk": 1558, "tergesa": 1559, "gesa": 1560, "menyia": 1561, "memperbarui": 1562, "mengkhawatirkanmu": 1563, "tergantung": 1564, "menyimpan": 1565, "segelas": 1566, "dinikmati": 1567, "modern": 1568, "mencintainya": 1569, "lamaku": 1570, "mengecewakanmu": 1571, "mengingatkanku": 1572, "semoga": 1573, "bab": 1574, "berpura": 1575, "lapor": 1576, "memberikanku": 1577, "pistol": 1578, "tikus": 1579, "budaya": 1580, "takdir": 1581, "makanannya": 1582, "mempekerjakan": 1583, "banknya": 1584, "diajak": 1585, "kutunggu": 1586, "halte": 1587, "bersikap": 1588, "meninggalkannya": 1589, "misteri": 1590, "penjaga": 1591, "favoritku": 1592, "kegiatan": 1593, "meter": 1594, "perak": 1595, "perempuanku": 1596, "luas": 1597, "terganggu": 1598, "menipu": 1599, "berbincang": 1600, "gejala": 1601, "berkas": 1602, "macam": 1603, "baiknya": 1604, "urusan": 1605, "pestanya": 1606, "menyentuh": 1607, "tanggal": 1608, "menguasai": 1609, "sepotong": 1610, "bunuh": 1611, "penyanyi": 1612, "penulis": 1613, "memenuhi": 1614, "langka": 1615, "umurmu": 1616, "memegang": 1617, "ilmiah": 1618, "menunggumu": 1619, "melupakanku": 1620, "nonton": 1621, "mengunci": 1622, "sekalipun": 1623, "memikirkannya": 1624, "kapal": 1625, "sambil": 1626, "padat": 1627, "tanyakan": 1628, "anjingnya": 1629, "menjawabnya": 1630, "sedingin": 1631, "novelis": 1632, "rok": 1633, "berbagai": 1634, "melupakan": 1635, "pantas": 1636, "simpan": 1637, "salinan": 1638, "dipaksa": 1639, "pabrik": 1640, "politik": 1641, "rambu": 1642, "gerbang": 1643, "sabuk": 1644, "menyelamatkan": 1645, "listrik": 1646, "sepatah": 1647, "jalannya": 1648, "mengganggumu": 1649, "mengajarimu": 1650, "berjam": 1651, "suratnya": 1652, "bis": 1653, "sejajar": 1654, "kanker": 1655, "menyerahkan": 1656, "kencan": 1657, "kulkas": 1658, "kalinya": 1659, "ekonomi": 1660, "tangannya": 1661, "garpu": 1662, "utama": 1663, "sinar": 1664, "ac": 1665, "akta": 1666, "kontak": 1667, "jamnya": 1668, "cuacanya": 1669, "berkonsultasi": 1670, "pertanyaannya": 1671, "selagi": 1672, "monoton": 1673, "ibumu": 1674, "pasangan": 1675, "proyek": 1676, "diselesaikan": 1677, "tertinggi": 1678, "menawarkan": 1679, "berlatih": 1680, "sadar": 1681, "luang": 1682, "menurun": 1683, "tenaga": 1684, "menemuimu": 1685, "naiki": 1686, "ribu": 1687, "area": 1688, "menciptakan": 1689, "kebutuhan": 1690, "seorangpun": 1691, "memanggilmu": 1692, "pastikan": 1693, "tubuh": 1694, "jelek": 1695, "basket": 1696, "diperbolehkan": 1697, "perilakunya": 1698, "kuatir": 1699, "harinya": 1700, "perahu": 1701, "mendidih": 1702, "pertemuan": 1703, "kesukaanmu": 1704, "udara": 1705, "bisbol": 1706, "lezat": 1707, "membayangkan": 1708, "sebodoh": 1709, "ilmuwan": 1710, "tertabrak": 1711, "puncak": 1712, "mencium": 1713, "brankas": 1714, "garasinya": 1715, "kesabaran": 1716, "belakangan": 1717, "mengeluarkan": 1718, "topan": 1719, "pemandangan": 1720, "mencapai": 1721, "kasus": 1722, "supermarket": 1723, "obatan": 1724, "rambutnya": 1725, "hendak": 1726, "sebanyak": 1727, "mengganti": 1728, "pernyataan": 1729, "keberangkatannya": 1730, "memberinya": 1731, "cahaya": 1732, "berkonsentrasi": 1733, "menampung": 1734, "walaupun": 1735, "terpilih": 1736, "beranggapan": 1737, "sistem": 1738, "sabtu": 1739, "kedatangan": 1740, "departemen": 1741, "pemasaran": 1742, "pegunungan": 1743, "kyoto": 1744, "membujuknya": 1745, "populasi": 1746, "kendaraan": 1747, "pidatonya": 1748, "pemain": 1749, "mengemudikan": 1750, "menyisihkan": 1751, "program": 1752, "jalanan": 1753, "mengejarnya": 1754, "surya": 1755, "mengunggah": 1756, "menyerahkannya": 1757, "napas": 1758, "bagimu": 1759, "kurangnya": 1760, "wow": 1761, "hebat": 1762, "dj": 1763, "tinggallah": 1764, "bawalah": 1765, "ikuti": 1766, "mencintaimu": 1767, "merindukanmu": 1768, "sembunyi": 1769, "boling": 1770, "berkedip": 1771, "palsu": 1772, "baiklah": 1773, "ucapkan": 1774, "kasar": 1775, "satupun": 1776, "kotaknya": 1777, "gampang": 1778, "gagap": 1779, "mohon": 1780, "kembalilah": 1781, "burungnya": 1782, "perlengkapanmu": 1783, "nampaknya": 1784, "miskin": 1785, "tali": 1786, "wajahku": 1787, "diet": 1788, "pulpen": 1789, "menyalahkan": 1790, "dipecat": 1791, "tenggelam": 1792, "lamakah": 1793, "demam": 1794, "lasagna": 1795, "memakannya": 1796, "lelaki": 1797, "perbuatan": 1798, "jago": 1799, "lemah": 1800, "kesepakatan": 1801, "bergaul": 1802, "menetap": 1803, "menolongku": 1804, "kakimu": 1805, "mengapresiasinya": 1806, "memeriksanya": 1807, "betulkan": 1808, "menikahinya": 1809, "tegas": 1810, "omong": 1811, "ruangannya": 1812, "kamarku": 1813, "cuci": 1814, "tembikar": 1815, "perginya": 1816, "waktumu": 1817, "berski": 1818, "kendalikan": 1819, "selesaikan": 1820, "tukang": 1821, "bergurau": 1822, "kuning": 1823, "kelompok": 1824, "wajah": 1825, "kecanduan": 1826, "idiot": 1827, "sofa": 1828, "saatnya": 1829, "menyukaimu": 1830, "perutku": 1831, "kering": 1832, "bukti": 1833, "tekun": 1834, "depanku": 1835, "diselamatkan": 1836, "maksud": 1837, "keluarnya": 1838, "mukamu": 1839, "menyanyi": 1840, "nona": 1841, "keretaku": 1842, "putuskan": 1843, "mengembalikannya": 1844, "tagihannya": 1845, "turut": 1846, "berduka": 1847, "menjauhlah": 1848, "tasku": 1849, "mengikutiku": 1850, "bocor": 1851, "segar": 1852, "menggelikan": 1853, "kunciku": 1854, "pembunuh": 1855, "memejamkan": 1856, "gajian": 1857, "jamku": 1858, "atasan": 1859, "kebenaran": 1860, "saudaramu": 1861, "melukai": 1862, "menyuruh": 1863, "menemanimu": 1864, "membawanya": 1865, "seusia": 1866, "terkesan": 1867, "caraku": 1868, "puisi": 1869, "bersemangat": 1870, "menakjubkan": 1871, "lumbungnya": 1872, "pohon": 1873, "mataharinya": 1874, "terbenam": 1875, "sushi": 1876, "demikian": 1877, "bos": 1878, "bergelombang": 1879, "akrab": 1880, "ngapain": 1881, "mesti": 1882, "iri": 1883, "koki": 1884, "terampil": 1885, "facebook": 1886, "bagilah": 1887, "pianis": 1888, "lelap": 1889, "kembalian": 1890, "inilah": 1891, "jenuh": 1892, "menghubunginya": 1893, "jantan": 1894, "tiketku": 1895, "menghilangkan": 1896, "kesalahanmu": 1897, "jupiter": 1898, "awasi": 1899, "dalamnya": 1900, "punggungku": 1901, "berhantu": 1902, "menghentikanku": 1903, "kacang": 1904, "tasnya": 1905, "komputerku": 1906, "politikus": 1907, "loteng": 1908, "dihentikan": 1909, "muka": 1910, "artinya": 1911, "masalahmu": 1912, "jaketmu": 1913, "kakakmu": 1914, "neptunus": 1915, "kaulah": 1916, "ayolah": 1917, "diperlukan": 1918, "ubah": 1919, "pejamkan": 1920, "terdiam": 1921, "singkat": 1922, "00": 1923, "bunyinya": 1924, "menantikannya": 1925, "berhutang": 1926, "bersumpah": 1927, "disini": 1928, "jurnalis": 1929, "pendek": 1930, "caramu": 1931, "mengajukan": 1932, "pianonya": 1933, "monyet": 1934, "kehujanan": 1935, "imut": 1936, "selai": 1937, "video": 1938, "santun": 1939, "menyetrika": 1940, "bajunya": 1941, "tomlah": 1942, "terkuat": 1943, "bimbang": 1944, "frustrasi": 1945, "kura": 1946, "pengeluaran": 1947, "sungguhan": 1948, "suasana": 1949, "hatimu": 1950, "umurnya": 1951, "malamnya": 1952, "mendingin": 1953, "korek": 1954, "pahami": 1955, "memanggilnya": 1956, "dibutuhkan": 1957, "pastinya": 1958, "mimpiku": 1959, "kukira": 1960, "menyanyikan": 1961, "mengambilnya": 1962, "kebetulan": 1963, "rapi": 1964, "menawan": 1965, "bahaya": 1966, "sepatuku": 1967, "manis": 1968, "menghilang": 1969, "bakar": 1970, "putus": 1971, "memaafkan": 1972, "mulutmu": 1973, "kantongmu": 1974, "belakangmu": 1975, "pemberhentian": 1976, "korannya": 1977, "rumput": 1978, "melaksanakan": 1979, "tugasmu": 1980, "digigit": 1981, "alasannya": 1982, "mengganggu": 1983, "meremehkanku": 1984, "mengantar": 1985, "menyalakan": 1986, "berguncang": 1987, "takkan": 1988, "esok": 1989, "biduk": 1990, "kesalahanku": 1991, "menghadap": 1992, "jumlahkan": 1993, "kasir": 1994, "upacara": 1995, "ditutup": 1996, "beruang": 1997, "dibatalkan": 1998, "baunya": 1999, "kuno": 2000, "impor": 2001, "menggantikan": 2002, "kawanku": 2003, "pegawai": 2004, "bukanya": 2005, "menyelesaikannya": 2006, "pantainya": 2007, "akankah": 2008, "beristirahat": 2009, "radiomu": 2010, "mentah": 2011, "kanji": 2012, "harapanmu": 2013, "selimut": 2014, "perawat": 2015, "menginginkannya": 2016, "nilai": 2017, "pelajari": 2018, "pekerjaanku": 2019, "voli": 2020, "disukai": 2021, "meminjamkanmu": 2022, "sebotol": 2023, "pisaumu": 2024, "yah": 2025, "saudaraku": 2026, "badanku": 2027, "lurus": 2028, "kayu": 2029, "kepadanya": 2030, "bekas": 2031, "tombolnya": 2032, "laci": 2033, "pepatah": 2034, "keju": 2035, "kentang": 2036, "kentangnya": 2037, "atap": 2038, "menambahkan": 2039, "ahlinya": 2040, "dokumennya": 2041, "berpikiran": 2042, "ditembak": 2043, "hikmah": 2044, "nyiakan": 2045, "minyak": 2046, "darimana": 2047, "fokus": 2048, "tujuanmu": 2049, "menyuruhmu": 2050, "memperoleh": 2051, "panik": 2052, "memberitahukannya": 2053, "bertugas": 2054, "mendiskusikannya": 2055, "ringan": 2056, "mempermainkan": 2057, "menakut": 2058, "berpakaian": 2059, "melukis": 2060, "minumannya": 2061, "inggrisnya": 2062, "wortelnya": 2063, "sepasang": 2064, "mengakhiri": 2065, "tanpanya": 2066, "menyapu": 2067, "16": 2068, "mei": 2069, "membantunya": 2070, "balik": 2071, "membuatkanmu": 2072, "sepulang": 2073, "hatilah": 2074, "garamnya": 2075, "suaminya": 2076, "tulang": 2077, "percobaannya": 2078, "dijadwalkan": 2079, "dibayar": 2080, "bendera": 2081, "mail": 2082, "enggan": 2083, "wajar": 2084, "meraih": 2085, "cucu": 2086, "pertamamu": 2087, "senapan": 2088, "melintasi": 2089, "berhembus": 2090, "izinkan": 2091, "menghancurkan": 2092, "berolahraga": 2093, "rutin": 2094, "tidurlah": 2095, "lokernya": 2096, "mengakui": 2097, "mataku": 2098, "gempa": 2099, "bepergian": 2100, "jagalah": 2101, "apartemen": 2102, "kampung": 2103, "angkanya": 2104, "menteganya": 2105, "kerasmu": 2106, "resiko": 2107, "sains": 2108, "antik": 2109, "mustahil": 2110, "keadaannya": 2111, "istana": 2112, "meremehkan": 2113, "mengendalikan": 2114, "tertular": 2115, "inggrismu": 2116, "meningkat": 2117, "meminjamkanku": 2118, "klub": 2119, "perbedaannya": 2120, "berputar": 2121, "putar": 2122, "tampan": 2123, "protes": 2124, "teleponmu": 2125, "laptop": 2126, "mencurigakan": 2127, "menunjukkannya": 2128, "4": 2129, "juni": 2130, "menelpon": 2131, "berapi": 2132, "pandangan": 2133, "memaksanya": 2134, "diundang": 2135, "ga": 2136, "tindakan": 2137, "tanggung": 2138, "dilaksanakan": 2139, "sebulan": 2140, "cina": 2141, "tekanan": 2142, "seberang": 2143, "bicaranya": 2144, "membatalkan": 2145, "senjata": 2146, "mainkan": 2147, "belakang": 2148, "bantuannya": 2149, "rata": 2150, "kental": 2151, "evolusi": 2152, "ribut": 2153, "barat": 2154, "malas": 2155, "heran": 2156, "berlibur": 2157, "batas": 2158, "kemampuanku": 2159, "keberanian": 2160, "derajat": 2161, "sore": 2162, "kakekku": 2163, "jadwalku": 2164, "tumbuh": 2165, "permasalahannya": 2166, "pidato": 2167, "kemungkinannya": 2168, "hadirin": 2169, "tesnya": 2170, "botol": 2171, "terbaring": 2172, "memetik": 2173, "semestinya": 2174, "pai": 2175, "terlebih": 2176, "tanpamu": 2177, "pendengaran": 2178, "tajam": 2179, "cermat": 2180, "mengirimiku": 2181, "brosur": 2182, "perasaan": 2183, "keributan": 2184, "reguler": 2185, "debu": 2186, "dikenal": 2187, "datanya": 2188, "penyakit": 2189, "perdagangan": 2190, "surga": 2191, "kilo": 2192, "keluhanmu": 2193, "kehormatan": 2194, "berdebat": 2195, "dokumen": 2196, "kursinya": 2197, "bosku": 2198, "koin": 2199, "sejumlah": 2200, "berlangsung": 2201, "dipatuhi": 2202, "saljunya": 2203, "ceria": 2204, "lamanya": 2205, "andalkan": 2206, "membukakan": 2207, "kemauan": 2208, "arti": 2209, "adikmu": 2210, "mengunjungiku": 2211, "katapun": 2212, "sayur": 2213, "tersedia": 2214, "sesegera": 2215, "memintamu": 2216, "tama": 2217, "persoalan": 2218, "berkemudi": 2219, "membisikkan": 2220, "mengecewakan": 2221, "kencanmu": 2222, "menghormati": 2223, "keinginan": 2224, "membelinya": 2225, "januari": 2226, "menantikan": 2227, "besi": 2228, "menerus": 2229, "salon": 2230, "membalas": 2231, "favorit": 2232, "sendirinya": 2233, "pemandu": 2234, "rakyatnya": 2235, "mil": 2236, "vas": 2237, "berkeping": 2238, "keping": 2239, "juta": 2240, "garis": 2241, "debat": 2242, "bincang": 2243, "musuh": 2244, "memeras": 2245, "terusan": 2246, "pengemudi": 2247, "pengaman": 2248, "jejak": 2249, "absen": 2250, "hei": 2251, "gimana": 2252, "mempermalukan": 2253, "terpeleset": 2254, "anggap": 2255, "pendapatku": 2256, "santa": 2257, "claus": 2258, "parkir": 2259, "beras": 2260, "100": 2261, "fotografer": 2262, "berkeliling": 2263, "kelahirannya": 2264, "retak": 2265, "mengonsumsi": 2266, "seragam": 2267, "grup": 2268, "humor": 2269, "doktermu": 2270, "meminum": 2271, "mengecek": 2272, "menilai": 2273, "patah": 2274, "diberitahu": 2275, "sarapanmu": 2276, "tepuk": 2277, "bergeser": 2278, "membuatkan": 2279, "mematok": 2280, "bagian": 2281, "kuberikan": 2282, "terburuk": 2283, "mengeluarkanmu": 2284, "seumur": 2285, "jutaan": 2286, "membawakanku": 2287, "menyimpannya": 2288, "menyediakan": 2289, "membahayakan": 2290, "sebatang": 2291, "permen": 2292, "peningkatan": 2293, "persis": 2294, "sopir": 2295, "diungkapkan": 2296, "menunjukkanku": 2297, "perkataanmu": 2298, "instrumen": 2299, "memperlambat": 2300, "menyakiti": 2301, "siangmu": 2302, "mengharapkan": 2303, "20": 2304, "letak": 2305, "jauhkan": 2306, "produksi": 2307, "piring": 2308, "anting": 2309, "koloni": 2310, "kemerdekaannya": 2311, "antusiasmenya": 2312, "diterima": 2313, "patuh": 2314, "kapankah": 2315, "kenalan": 2316, "kondisi": 2317, "pemberitahuan": 2318, "rokok": 2319, "finansial": 2320, "melatih": 2321, "dibalik": 2322, "sensitif": 2323, "kritikan": 2324, "kecantikannya": 2325, "beraninya": 2326, "keluarkan": 2327, "mengakibatkan": 2328, "50": 2329, "krim": 2330, "memarkir": 2331, "berlaku": 2332, "kontes": 2333, "mengurusnya": 2334, "muncul": 2335, "kolong": 2336, "lift": 2337, "kompas": 2338, "apalagi": 2339, "hadapan": 2340, "perhatian": 2341, "undang": 2342, "sewa": 2343, "dibawa": 2344, "membiasakan": 2345, "yunani": 2346, "terulang": 2347, "panasnya": 2348, "daya": 2349, "disana": 2350, "tembok": 2351, "dayung": 2352, "terbit": 2353, "diperuntukkan": 2354, "memarahi": 2355, "album": 2356, "tradisi": 2357, "koleksi": 2358, "menerobos": 2359, "korea": 2360, "menambah": 2361, "mengizinkanku": 2362, "menyadarinya": 2363, "mericanya": 2364, "teknis": 2365, "ban": 2366, "mempertimbangkan": 2367, "nenek": 2368, "menuangkan": 2369, "pensilnya": 2370, "sendok": 2371, "disitu": 2372, "dialah": 2373, "mengembalikan": 2374, "pertemanan": 2375, "lusa": 2376, "osaka": 2377, "narkoba": 2378, "kontrak": 2379, "sayuran": 2380, "terbaru": 2381, "berfoto": 2382, "restoran": 2383, "banjo": 2384, "ramai": 2385, "menyapa": 2386, "memungkinkan": 2387, "bertanggung": 2388, "izin": 2389, "ranjangnya": 2390, "kegaduhan": 2391, "beranjak": 2392, "thomas": 2393, "edison": 2394, "indonesia": 2395, "peringatan": 2396, "energi": 2397, "tingkah": 2398, "mengiringi": 2399, "tebal": 2400, "gerhana": 2401, "mempersiapkan": 2402, "kaleng": 2403, "bauksit": 2404, "dilihat": 2405, "jarinya": 2406, "kebisingan": 2407, "penampilan": 2408, "koala": 2409, "22": 2410, "prancisku": 2411, "tiada": 2412, "menjalani": 2413, "kenaikan": 2414, "sekeras": 2415, "motor": 2416, "abu": 2417, "tertulis": 2418, "nyaris": 2419, "laporanku": 2420, "prnya": 2421, "lambat": 2422, "alice": 2423, "jari": 2424, "pohonnya": 2425, "kelapa": 2426, "sosial": 2427, "mendesak": 2428, "perabotan": 2429, "lipat": 2430, "iya": 2431, "tentara": 2432, "dollar": 2433, "kelasku": 2434, "hanyalah": 2435, "pukulan": 2436, "memanfaatkan": 2437, "keberuntungan": 2438, "menurut": 2439, "pemadam": 2440, "pengetahuan": 2441, "masyarakat": 2442, "menghasilkan": 2443, "faks": 2444, "kausku": 2445, "mulut": 2446, "jalur": 2447, "silahkan": 2448, "bertiga": 2449, "talinya": 2450, "kemajuan": 2451, "sebaik": 2452, "berkendara": 2453, "makin": 2454, "diskusikan": 2455, "undangan": 2456, "setidaknya": 2457, "kuliah": 2458, "daerah": 2459, "tampaknya": 2460, "berkencan": 2461, "intan": 2462, "harta": 2463, "pentingnya": 2464, "pilek": 2465, "macet": 2466, "pemerintah": 2467, "romantis": 2468, "manajer": 2469, "profesional": 2470, "tuduhan": 2471, "ketiga": 2472, "meyakinkan": 2473, "senam": 2474, "mengeluhkan": 2475, "suamimu": 2476, "memulai": 2477, "malah": 2478, "presiden": 2479, "raya": 2480, "40": 2481, "kenyataan": 2482, "hatinya": 2483, "bangku": 2484, "berpengalaman": 2485, "keuntungan": 2486, "sejujurnya": 2487, "seakan": 2488, "menyetir": 2489, "kriminal": 2490, "menyatakan": 2491, "chicago": 2492, "mengecilkan": 2493, "sehingga": 2494, "nenekku": 2495, "memengaruhi": 2496, "usaha": 2497, "pos": 2498, "garasi": 2499, "lokal": 2500, "kumpul": 2501, "menceritakan": 2502, "pencuri": 2503, "kabur": 2504, "akibatnya": 2505, "diberikan": 2506, "menakutkan": 2507, "dihabiskan": 2508, "meeting": 2509, "tiup": 2510, "titik": 2511, "esperanto": 2512, "hancur": 2513, "pernikahannya": 2514, "aids": 2515, "jumat": 2516, "dipengaruhi": 2517, "kesana": 2518, "dipenjara": 2519, "terhindar": 2520, "sekurang": 2521, "remaja": 2522, "operasi": 2523, "bom": 2524, "los": 2525, "angeles": 2526, "bangsa": 2527, "viking": 2528, "columbus": 2529, "mengunduh": 2530, "sebesar": 2531, "dongeng": 2532, "kebijakan": 2533, "menghindari": 2534, "fungsi": 2535, "barangnya": 2536, "loncat": 2537, "buruan": 2538, "rupanya": 2539, "serang": 2540, "bersulang": 2541, "perlihatin": 2542, "diamlah": 2543, "tangkap": 2544, "berdirilah": 2545, "terberkatilah": 2546, "kemarilah": 2547, "menggonggong": 2548, "fantastis": 2549, "telanjang": 2550, "meminggirlah": 2551, "minggir": 2552, "pemalas": 2553, "oh": 2554, "khitan": 2555, "curang": 2556, "menyontek": 2557, "berpesta": 2558, "kepalkan": 2559, "tersipu": 2560, "begitulah": 2561, "berpangku": 2562, "cnn": 2563, "menciumnya": 2564, "dungu": 2565, "kapalku": 2566, "lompati": 2567, "bukalah": 2568, "bebaskan": 2569, "membetulkannya": 2570, "membenciku": 2571, "memaksa": 2572, "masaklah": 2573, "mengejekku": 2574, "makanlah": 2575, "memberkatimu": 2576, "menghiraukanku": 2577, "arahku": 2578, "bantulah": 2579, "berdosa": 2580, "memalingkan": 2581, "menipumu": 2582, "twitter": 2583, "mulailah": 2584, "bete": 2585, "kebal": 2586, "segeralah": 2587, "menggodaku": 2588, "kasur": 2589, "penutup": 2590, "serahkan": 2591, "kupas": 2592, "kupaslah": 2593, "sianida": 2594, "anehnya": 2595, "menyedihkan": 2596, "mengabaikanku": 2597, "rabi": 2598, "gelisah": 2599, "berbudaya": 2600, "susahnya": 2601, "suamiku": 2602, "dibetulkan": 2603, "ganggu": 2604, "gandakan": 2605, "dosisnya": 2606, "macan": 2607, "suram": 2608, "berselingkuh": 2609, "spanyol": 2610, "maksudnya": 2611, "teriakan": 2612, "terung": 2613, "berutang": 2614, "mengangetkan": 2615, "lanjutkan": 2616, "menghancurkannya": 2617, "penyihir": 2618, "seru": 2619, "menerbangkan": 2620, "mama": 2621, "kejam": 2622, "penolakan": 2623, "menyakitkan": 2624, "menanggalkannya": 2625, "adil": 2626, "menyayangi": 2627, "ambisius": 2628, "petanya": 2629, "berkontribusi": 2630, "positif": 2631, "dinyatakan": 2632, "kerjanya": 2633, "ketemu": 2634, "jeritan": 2635, "tergabung": 2636, "labelnya": 2637, "supir": 2638, "penata": 2639, "menggertakmu": 2640, "tipuan": 2641, "dengarkan": 2642, "anggun": 2643, "anjingku": 2644, "denyut": 2645, "nadiku": 2646, "senapanku": 2647, "janganlah": 2648, "melamun": 2649, "tangkinya": 2650, "pelupa": 2651, "topinya": 2652, "diceraikan": 2653, "berkembang": 2654, "berjalanlah": 2655, "perokok": 2656, "maksudkan": 2657, "maumu": 2658, "dikatakannya": 2659, "terbangun": 2660, "risiko": 2661, "memilikiku": 2662, "terapi": 2663, "religius": 2664, "ambulan\uff01": 2665, "ikutlah": 2666, "memecatmu": 2667, "memperingatkanmu": 2668, "mengenalmu": 2669, "merasakannya": 2670, "orangnya": 2671, "pendiam": 2672, "berantakan": 2673, "akui": 2674, "menyalahkanmu": 2675, "meragukan": 2676, "barusan": 2677, "mengirimnya": 2678, "akuntan": 2679, "fakultatif": 2680, "tetaplah": 2681, "putarlah": 2682, "sebab": 2683, "mengkhianati": 2684, "mengkhianatimu": 2685, "ember": 2686, "anggurmu": 2687, "kamis": 2688, "melanggar": 2689, "kutu": 2690, "tertekan": 2691, "putra": 2692, "penganggur": 2693, "terhuyung": 2694, "huyung": 2695, "berjajar": 2696, "barisan": 2697, "gembira": 2698, "gak": 2699, "balikkan": 2700, "badanmu": 2701, "membudidayakan": 2702, "pertempuran": 2703, "bikin": 2704, "hobimu": 2705, "nilaimu": 2706, "bosmu": 2707, "dicoba": 2708, "jalanku": 2709, "memerlukannya": 2710, "serulingnya": 2711, "kabuki": 2712, "sebut": 2713, "uangmu": 2714, "mendapatkannya": 2715, "keluargamu": 2716, "hidung": 2717, "sepupu": 2718, "pusing": 2719, "tangis": 2720, "menciummu": 2721, "kubisa": 2722, "menggenggam": 2723, "huruf": 2724, "kidal": 2725, "sunyi": 2726, "pilihanmu": 2727, "menenangkan": 2728, "tepati": 2729, "janjimu": 2730, "pertahankan": 2731, "bersamamu": 2732, "hafalkan": 2733, "berterus": 2734, "perbaiki": 2735, "membencinya": 2736, "seram": 2737, "menyeramkan": 2738, "bulat": 2739, "perangkonya": 2740, "ombaknya": 2741, "diverifikasi": 2742, "merusakkan": 2743, "bar": 2744, "dok": 2745, "murung": 2746, "panduan": 2747, "naikkan": 2748, "lotre": 2749, "undian": 2750, "dasar": 2751, "bego": 2752, "capai": 2753, "dipotong": 2754, "menghalangi": 2755, "dipesan": 2756, "balasan": 2757, "tip": 2758, "cd": 2759, "harian": 2760, "bowling": 2761, "wajahnya": 2762, "memerah": 2763, "penglihatannya": 2764, "menggagap": 2765, "menguap": 2766, "menjumpai": 2767, "bersantai": 2768, "menghubungimu": 2769, "menyusul": 2770, "meminjamkannya": 2771, "perenang": 2772, "payah": 2773, "memburu": 2774, "menunggunya": 2775, "diizinkan": 2776, "salahmu": 2777, "kutunjukkan": 2778, "telingaku": 2779, "berdering": 2780, "bernutrisi": 2781, "evakuasi": 2782, "imitasi": 2783, "kantornya": 2784, "aturannya": 2785, "pendatang": 2786, "pesananku": 2787, "menyalahgunakan": 2788, "kepercayaan": 2789, "mendekati": 2790, "membelikanku": 2791, "mencarikanku": 2792, "mengabaikanmu": 2793, "gim": 2794, "pelatihan": 2795, "kemejaku": 2796, "toiletnya": 2797, "arak": 2798, "mengandalkannya": 2799, "ngoko": 2800, "awakmu": 2801, "ketoke": 2802, "radha": 2803, "lara": 2804, "krama": 2805, "panjenengan": 2806, "ketingal": 2807, "gerah": 2808, "merobekkan": 2809, "celanamu": 2810, "pahlawanku": 2811, "kancingkan": 2812, "menunggang": 2813, "peliharaan": 2814, "khawatirkan": 2815, "dudukmu": 2816, "kematian": 2817, "merdu": 2818, "berburu": 2819, "sifat": 2820, "optimismu": 2821, "nyawa": 2822, "menapaki": 2823, "pemutar": 2824, "mp3": 2825, "membelikanmu": 2826, "wartawan": 2827, "memulainya": 2828, "sebelas": 2829, "telor": 2830, "pelajarilah": 2831, "pemberani": 2832, "numpang": 2833, "ponselmu": 2834, "ponsel": 2835, "rambutku": 2836, "temani": 2837, "sumatra": 2838, "singkirkan": 2839, "berdetik": 2840, "kudanya": 2841, "tintanya": 2842, "basah": 2843, "membeku": 2844, "pemungutan": 2845, "dilanjutkan": 2846, "membenci": 2847, "ranjang": 2848, "kokoh": 2849, "buatan": 2850, "jengkel": 2851, "bernapas": 2852, "red": 2853, "sox": 2854, "teliti": 2855, "kekanak": 2856, "kanakan": 2857, "reptil": 2858, "antre": 2859, "dukunganmu": 2860, "pisaunya": 2861, "botmu": 2862, "mandinya": 2863, "kecilnya": 2864, "menghapus": 2865, "berkasnya": 2866, "pengecut": 2867, "tebakanmu": 2868, "kataku": 2869, "berhalusinasi": 2870, "traktir": 2871, "pensilmu": 2872, "kejutan": 2873, "memukulmu": 2874, "menuduh": 2875, "menatap": 2876, "tergila": 2877, "bisnismu": 2878, "keberanianmu": 2879, "arloji": 2880, "teori": 2881, "berbalapan": 2882, "membunuhmu": 2883, "pasaran": 2884, "senyuman": 2885, "terpaksa": 2886, "usang": 2887, "kebenarannya": 2888, "bacakan": 2889, "urusanku": 2890, "membutuhkanmu": 2891, "kerannya": 2892, "pemanas": 2893, "berbahan": 2894, "gas": 2895, "kipas": 2896, "dicuci": 2897, "bertepuk": 2898, "penanak": 2899, "diracuni": 2900, "penghianat": 2901, "mengamati": 2902, "memaafkanmu": 2903, "duit": 2904, "aja": 2905, "gejalanya": 2906, "koranku": 2907, "radium": 2908, "memindahkannya": 2909, "terikat": 2910, "komik": 2911, "oblong": 2912, "kesenangan": 2913, "setenang": 2914, "daring": 2915, "suntuk": 2916, "memahamimu": 2917, "menyesali": 2918, "serta": 2919, "menyewa": 2920, "realistis": 2921, "susunya": 2922, "seluruhnya": 2923, "lomba": 2924, "ikutilah": 2925, "menyederhanakannya": 2926, "total": 2927, "pakailah": 2928, "sisakan": 2929, "krimnya": 2930, "ketiaknya": 2931, "membelikannya": 2932, "mengkhawatirkanku": 2933, "menjengkelkan": 2934, "telurnya": 2935, "negosiasinya": 2936, "aturanya": 2937, "terguling": 2938, "tiupan": 2939, "anginnya": 2940, "mencurigai": 2941, "asin": 2942, "diimpor": 2943, "memimpikan": 2944, "menyiram": 2945, "menghadapi": 2946, "perfeksionis": 2947, "berduaan": 2948, "cemburu": 2949, "mencarimu": 2950, "mengirimkanmu": 2951, "sendoknya": 2952, "arab": 2953, "alunan": 2954, "kuketahui": 2955, "bibimu": 2956, "bagusnya": 2957, "asalmu": 2958, "ranselmu": 2959, "karibku": 2960, "bersabar": 2961, "baruku": 2962, "buahan": 2963, "pernikahanku": 2964, "kuemu": 2965, "sirkus": 2966, "kalkulator": 2967, "tiram": 2968, "terkabul": 2969, "diatur": 2970, "carikan": 2971, "antarkan": 2972, "mailku": 2973, "efeknya": 2974, "kuakui": 2975, "kacamataku": 2976, "kelabu": 2977, "f": 2978, "kimia": 2979, "kutemui": 2980, "bersiul": 2981, "kantorku": 2982, "aktris": 2983, "berpenampilan": 2984, "menikmatinya": 2985, "dipelajari": 2986, "awasilah": 2987, "kubawakan": 2988, "brendi": 2989, "dengarkanlah": 2990, "senja": 2991, "sekretaris": 2992, "kugantungkan": 2993, "gambarmu": 2994, "dijahit": 2995, "salamku": 2996, "rangkum": 2997, "rangkumlah": 2998, "idemu": 2999, "tekan": 3000, "egois": 3001, "penulisnya": 3002, "bisnya": 3003, "peluangnya": 3004, "familiar": 3005, "ularnya": 3006, "berganti": 3007, "akun": 3008, "tentunya": 3009, "bercukur": 3010, "membantah": 3011, "memanen": 3012, "perkerjaan": 3013, "niat": 3014, "henti": 3015, "hentinya": 3016, "tersangka": 3017, "merapikan": 3018, "berotot": 3019, "goreng": 3020, "tehnya": 3021, "betah": 3022, "tertembak": 3023, "mengenalimu": 3024, "jaket": 3025, "datangnya": 3026, "berjuang": 3027, "situsnya": 3028, "loe": 3029, "ngeliatin": 3030, "apaan": 3031, "enaknya": 3032, "l": 3033, "timnya": 3034, "menatapku": 3035, "bekerjalah": 3036, "sekuat": 3037, "alamatmu": 3038, "kembaliannya": 3039, "ajar": 3040, "penamu": 3041, "gaunmu": 3042, "truk": 3043, "kembalianmu": 3044, "komite": 3045, "tepung": 3046, "kegelapan": 3047, "kainnya": 3048, "diagonal": 3049, "darwin": 3050, "nakutiku": 3051, "tepungnya": 3052, "suruh": 3053, "mengindahkan": 3054, "nasihatku": 3055, "menjadikanku": 3056, "asistennya": 3057, "mengeja": 3058, "ongkos": 3059, "polandia": 3060, "penderitaanmu": 3061, "perasaanku": 3062, "kesemuanya": 3063, "terserang": 3064, "strok": 3065, "keramas": 3066, "menungguku": 3067, "perangkap": 3068, "kemeja": 3069, "ungu": 3070, "berjumpa": 3071, "mendebarkan": 3072, "debuk": 3073, "sejati": 3074, "terbujuk": 3075, "mengaturnya": 3076, "longsoran": 3077, "menenun": 3078, "karpet": 3079, "hamburger": 3080, "rem": 3081, "diservis": 3082, "bercerai": 3083, "dibalut": 3084, "sedikitpun": 3085, "loncati": 3086, "keputusanmu": 3087, "darahnya": 3088, "debatnya": 3089, "mengejarmu": 3090, "berisi": 3091, "penggunaan": 3092, "menanak": 3093, "ketat": 3094, "pemilihan": 3095, "keset": 3096, "ginjalnya": 3097, "penjahat": 3098, "terhukum": 3099, "kemauannya": 3100, "suami": 3101, "tongkatnya": 3102, "jenius": 3103, "kasmaran": 3104, "keran": 3105, "cemas": 3106, "dieksekusi": 3107, "pertolongan": 3108, "mengimpor": 3109, "india": 3110, "dana": 3111, "san": 3112, "fransisco": 3113, "menertawakan": 3114, "ngemil": 3115, "kepanjangan": 3116, "ussr": 3117, "pertunjukannya": 3118, "berkenan": 3119, "contoh": 3120, "dasimu": 3121, "kencang": 3122, "menembakku": 3123, "harimu": 3124, "terkecuali": 3125, "ambulans": 3126, "alamatnya": 3127, "mineral": 3128, "maksudku": 3129, "perlakukan": 3130, "kurangi": 3131, "hormat": 3132, "mencicipi": 3133, "kebohongannya": 3134, "pulanglah": 3135, "kesalahannya": 3136, "rekor": 3137, "mentega": 3138, "kedinginan": 3139, "hobinya": 3140, "binaraga": 3141, "hot": 3142, "dog": 3143, "sport": 3144, "menekuk": 3145, "nyiakannya": 3146, "tetanggaku": 3147, "esaiku": 3148, "bernama": 3149, "cookie": 3150, "mebel": 3151, "ujianku": 3152, "memperalat": 3153, "problem": 3154, "catatanku": 3155, "kerumah": 3156, "toleran": 3157, "pesawatku": 3158, "konteks": 3159, "tersentuh": 3160, "kebersihan": 3161, "kelasmu": 3162, "berteduh": 3163, "keberangkatan": 3164, "kupon": 3165, "baterai": 3166, "semesta": 3167, "bacalah": 3168, "kandungannya": 3169, "terkemuka": 3170, "penyakitnya": 3171, "sembuh": 3172, "kedalaman": 3173, "komentar": 3174, "bomnya": 3175, "proposalku": 3176, "medali": 3177, "antusias": 3178, "perangai": 3179, "menumbuhkan": 3180, "kumis": 3181, "melindungiku": 3182, "mental": 3183, "sekaya": 3184, "difoto": 3185, "berpartisipasi": 3186, "balapan": 3187, "ketujuh": 3188, "mengelap": 3189, "negri": 3190, "furnitur": 3191, "melancarkan": 3192, "serangan": 3193, "pepohonan": 3194, "terperangkap": 3195, "terminal": 3196, "tulislah": 3197, "baris": 3198, "bakat": 3199, "bidang": 3200, "kencangkan": 3201, "ikatannya": 3202, "mendengarkanku": 3203, "dilupakan": 3204, "pilekmu": 3205, "60": 3206, "detik": 3207, "7": 3208, "lagipula": 3209, "daun": 3210, "daunnya": 3211, "berguguran": 3212, "tutupnya": 3213, "seember": 3214, "gunting": 3215, "guntingmu": 3216, "impian": 3217, "campur": 3218, "liburanmu": 3219, "perkembangannya": 3220, "beresiko": 3221, "kapanpun": 3222, "botolnya": 3223, "embernya": 3224, "gantung": 3225, "sangkutan": 3226, "menaikkan": 3227, "gitarmu": 3228, "sikapmu": 3229, "laptopku": 3230, "1974": 3231, "liontin": 3232, "orangtua": 3233, "islandia": 3234, "seribu": 3235, "betina": 3236, "pengiriman": 3237, "terun": 3238, "perihal": 3239, "urusanmu": 3240, "tambahkan": 3241, "bener": 3242, "nih": 3243, "nekat": 3244, "dibicarakan": 3245, "jawabmu": 3246, "udaranya": 3247, "pemanah": 3248, "rusanya": 3249, "mancurnya": 3250, "curiga": 3251, "berkaitan": 3252, "memutuskannya": 3253, "rendah": 3254, "otodidak": 3255, "pendarahan": 3256, "melipat": 3257, "pakaiannya": 3258, "sabaran": 3259, "mengungkit": 3260, "ungkit": 3261, "mencumbuku": 3262, "organik": 3263, "relatif": 3264, "tepi": 3265, "memutih": 3266, "besarkan": 3267, "berkompetisi": 3268, "teater": 3269, "mengetren": 3270, "status": 3271, "perkawinanmu": 3272, "memangnya": 3273, "pamanmu": 3274, "sekian": 3275, "mengandalkan": 3276, "kalah": 3277, "kewajibanmu": 3278, "katamu": 3279, "dibungkus": 3280, "mendonorkan": 3281, "menghembuskan": 3282, "nafas": 3283, "terakhirnya": 3284, "bermanfaat": 3285, "habiskan": 3286, "kain": 3287, "memotongnya": 3288, "setinggi": 3289, "apanya": 3290, "asa": 3291, "mencarikanmu": 3292, "hawaii": 3293, "melamarnya": 3294, "i": 3295, "entri": 3296, "blognya": 3297, "kala": 3298, "bencana": 3299, "ekologis": 3300, "sepanjanng": 3301, "kupikirkan": 3302, "baguslah": 3303, "menitan": 3304, "dibawah": 3305, "nol": 3306, "asalnya": 3307, "usah": 3308, "mengobrol": 3309, "lincoln": 3310, "membebaskan": 3311, "budak": 3312, "ipar": 3313, "petani": 3314, "selatan": 3315, "ditunda": 3316, "tertunda": 3317, "permainkan": 3318, "polusi": 3319, "dikontrol": 3320, "pencemaran": 3321, "dikendalikan": 3322, "iklim": 3323, "pamitlah": 3324, "membolehkannya": 3325, "dompetnya": 3326, "ketertarikan": 3327, "membalasnya": 3328, "kucari": 3329, "penonton": 3330, "tips": 3331, "berikut": 3332, "gerbangnya": 3333, "mendung": 3334, "hasil": 3335, "negatif": 3336, "memuat": 3337, "liter": 3338, "menganggu": 3339, "berlayar": 3340, "kuburan": 3341, "aksen": 3342, "terlelap": 3343, "terobsesi": 3344, "mengupasi": 3345, "hiburan": 3346, "kellihatannya": 3347, "bersimpati": 3348, "ukuranmu": 3349, "bertetangga": 3350, "pementasan": 3351, "drama": 3352, "reggae": 3353, "berkesan": 3354, "ukuran": 3355, "perempuanmu": 3356, "bisanya": 3357, "tinggali": 3358, "favoritkan": 3359, "gemari": 3360, "pengarang": 3361, "piyama": 3362, "pelindung": 3363, "saudarimu": 3364, "mengingatnya": 3365, "bankir": 3366, "mengaguminya": 3367, "sewanya": 3368, "kekuatanku": 3369, "memaksakan": 3370, "global": 3371, "melontarkan": 3372, "candaan": 3373, "vulgar": 3374, "tongkat": 3375, "truknya": 3376, "dallas": 3377, "data": 3378, "ditonton": 3379, "menular": 3380, "raket": 3381, "miliki": 3382, "tindak": 3383, "pidana": 3384, "mahir": 3385, "menekanmu": 3386, "dirusak": 3387, "berpergian": 3388, "peruntunganku": 3389, "ahli": 3390, "pertolong": 3391, "kulina": 3392, "tangi": 3393, "\u00e9suk": 3394, "bermula": 3395, "purnama": 3396, "penghargaan": 3397, "fujinya": 3398, "semula": 3399, "kamusmu": 3400, "mayones": 3401, "mengoleksi": 3402, "naples": 3403, "menyambut": 3404, "proposal": 3405, "hamil": 3406, "peraturannya": 3407, "berukuran": 3408, "malaikat": 3409, "warga": 3410, "sipil": 3411, "oksigen": 3412, "menyingkirkan": 3413, "berkumis": 3414, "pemrogram": 3415, "depannya": 3416, "indikator": 3417, "bahan": 3418, "bacanya": 3419, "yoga": 3420, "acuh": 3421, "pengamannya": 3422, "pendengar": 3423, "mempertahankan": 3424, "kemerdekaan": 3425, "turuti": 3426, "pemadaman": 3427, "melelahkan": 3428, "menuruti": 3429, "menaati": 3430, "pulpenmu": 3431, "cek": 3432, "mencetaknya": 3433, "memprioritaskan": 3434, "berkerja": 3435, "orangtuamu": 3436, "keringkan": 3437, "celananya": 3438, "radiator": 3439, "kapur": 3440, "mengepaknya": 3441, "pengemis": 3442, "gambaran": 3443, "berkulit": 3444, "bawang": 3445, "sembunyikan": 3446, "sayurannya": 3447, "mengawasiku": 3448, "percakapanmu": 3449, "membayarnya": 3450, "pengapalan": 3451, "saji": 3452, "senar": 3453, "merebus": 3454, "butir": 3455, "sebagus": 3456, "cowo": 3457, "lapis": 3458, "tempelkan": 3459, "amplopnya": 3460, "takutkan": 3461, "blok": 3462, "mengepakkan": 3463, "sayapnya": 3464, "padam": 3465, "'kenapa'": 3466, "mengantarkan": 3467, "menindas": 3468, "pecah": 3469, "menggantinya": 3470, "mengandung": 3471, "didasarkan": 3472, "senilai": 3473, "perempat": 3474, "pingpong": 3475, "mendaftar": 3476, "beasiswa": 3477, "dimanakah": 3478, "mantelnya": 3479, "videonya": 3480, "sarjana": 3481, "arus": 3482, "violin": 3483, "jawabannya": 3484, "lazim": 3485, "menyemangatkan": 3486, "larut": 3487, "dikejutkan": 3488, "perdamaian": 3489, "embarkasinya": 3490, "pertunjukkannya": 3491, "pertandingannya": 3492, "ditujukan": 3493, "mencucikan": 3494, "sesukamu": 3495, "sapu": 3496, "dicatat": 3497, "keseluruhan": 3498, "artikelnya": 3499, "abaikan": 3500, "bawahanmu": 3501, "sepakat": 3502, "laporanmu": 3503, "dipanggil": 3504, "membenturkan": 3505, "bersalaman": 3506, "tulisannya": 3507, "subjektif": 3508, "italia": 3509, "menasihati": 3510, "memberitahukanmu": 3511, "terkilir": 3512, "memikirkanmu": 3513, "sekedar": 3514, "mengharapkanmu": 3515, "begini": 3516, "pujian": 3517, "kutemukan": 3518, "diduduki": 3519, "ibukota": 3520, "masuknya": 3521, "opini": 3522, "publik": 3523, "kaosmu": 3524, "berbaringlah": 3525, "kepribadian": 3526, "desainer": 3527, "belajarlah": 3528, "rajin": 3529, "rencanakan": 3530, "pertanian": 3531, "terbatas": 3532, "tamunya": 3533, "berhadapan": 3534, "1989": 3535, "diangkat": 3536, "disentuh": 3537, "merebut": 3538, "anggapan": 3539, "ular": 3540, "amatir": 3541, "diikuti": 3542, "menawarkanku": 3543, "malan": 3544, "pengingat": 3545, "memutar": 3546, "gagang": 3547, "terjun": 3548, "posisinya": 3549, "pemaaf": 3550, "membandingkan": 3551, "dadar": 3552, "bergantian": 3553, "mendukungmu": 3554, "sejarawan": 3555, "membangunkanmu": 3556, "timbel": 3557, "lebah": 3558, "menyengat": 3559, "memilikinya": 3560, "menyebutkan": 3561, "ditinggalkan": 3562, "pendapatnya": 3563, "bannya": 3564, "memanggilkanku": 3565, "mengemas": 3566, "sekolahmu": 3567, "sampulnya": 3568, "mendengarkanmu": 3569, "terbitlah": 3570, "galon": 3571, "dikali": 3572, "tulisi": 3573, "cedera": 3574, "si": 3575, "sydney": 3576, "temperamen": 3577, "terkontrol": 3578, "sorakan": 3579, "mengingatkan": 3580, "hubunganmu": 3581, "penisilin": 3582, "kubeli": 3583, "serbuk": 3584, "sari": 3585, "waktuku": 3586, "dadaku": 3587, "nyeri": 3588, "kamusku": 3589, "giat": 3590, "segiat": 3591, "payungmu": 3592, "panggang": 3593, "jeli": 3594, "dibuang": 3595, "menggantikanmu": 3596, "bersyukur": 3597, "menabung": 3598, "lakukanlah": 3599, "wisatanya": 3600, "sederhana": 3601, "universal": 3602, "bibiku": 3603, "bibi": 3604, "dijelaskan": 3605, "kudaku": 3606, "selembar": 3607, "kreditmu": 3608, "kehidupannya": 3609, "mengajarkan": 3610, "impianku": 3611, "terwujud": 3612, "uangku": 3613, "mengetuk": 3614, "perhatiannya": 3615, "menggelinding": 3616, "jala": 3617, "tikar": 3618, "membakar": 3619, "museumnya": 3620, "berdampingan": 3621, "kru": 3622, "kapalnya": 3623, "lengkap": 3624, "menyetujuinya": 3625, "seformal": 3626, "mengerjaiku": 3627, "mengisi": 3628, "mabukan": 3629, "kumisnya": 3630, "pribadi": 3631, "kelasnya": 3632, "biobahaya": 3633, "menendang": 3634, "kartunya": 3635, "psikiater": 3636, "godaan": 3637, "dihiraukan": 3638, "300000": 3639, "mendiskusikan": 3640, "menjualnya": 3641, "mestinya": 3642, "menghukum": 3643, "pembicaraan": 3644, "olinya": 3645, "dikhawatirkan": 3646, "kantung": 3647, "kursimu": 3648, "didalam": 3649, "bisakan": 3650, "meletakannya": 3651, "dikecilkan": 3652, "sungkan": 3653, "jalanmu": 3654, "kesehatanmu": 3655, "temukan": 3656, "persahabatan": 3657, "sudahkan": 3658, "melainkan": 3659, "nyaring": 3660, "perhatianku": 3661, "peroleh": 3662, "kehidupanku": 3663, "membawakanmu": 3664, "izinmu": 3665, "marga": 3666, "tersakiti": 3667, "novelnya": 3668, "berartinya": 3669, "paranoid": 3670, "pucuk": 3671, "menurunkanmu": 3672, "karet": 3673, "sintetis": 3674, "menemukannya": 3675, "situs": 3676, "webku": 3677, "kenya": 3678, "merdeka": 3679, "1963": 3680, "kerusakan": 3681, "perangnya": 3682, "menitipkan": 3683, "salamnya": 3684, "hampshire": 3685, "vermont": 3686, "pindahkan": 3687, "melahirkan": 3688, "mencekiknya": 3689, "lembar": 3690, "pramuniaga": 3691, "berbatasan": 3692, "mendeklarasikan": 3693, "dipakainya": 3694, "stroberinya": 3695, "kesukaanku": 3696, "dapatkan": 3697, "bermata": 3698, "surelku": 3699, "tingginya": 3700, "nyanyian": 3701, "setan": 3702, "membukanya": 3703, "serapa": 3704, "sekencang": 3705, "kencangnya": 3706, "menyelinap": 3707, "mengelilingi": 3708, "alih": 3709, "dibingungkan": 3710, "kuasa": 3711, "lamaran": 3712, "bufet": 3713, "santap": 3714, "perapian": 3715, "kejauhan": 3716, "persediaan": 3717, "sinis": 3718, "kesamaan": 3719, "menelponku": 3720, "lukisannya": 3721, "memperlakukanku": 3722, "tawaranmu": 3723, "koreksi": 3724, "ejaan": 3725, "melukaimu": 3726, "celana": 3727, "renangmu": 3728, "mandiri": 3729, "kesedihannya": 3730, "kebahagiaan": 3731, "menembaknya": 3732, "diperbuat": 3733, "kosongnya": 3734, "kuberitahukan": 3735, "pesanku": 3736, "kabarnya": 3737, "diary": 3738, "rahasiamu": 3739, "bukuku": 3740, "memercayaimu": 3741, "nasihatnya": 3742, "pertolongannya": 3743, "memandangiku": 3744, "mulutku": 3745, "selasa": 3746, "manfaat": 3747, "italy": 3748, "sambilan": 3749, "memperlakukannya": 3750, "fotografi": 3751, "turunkan": 3752, "buahnya": 3753, "secantik": 3754, "stres": 3755, "dipenjarakan": 3756, "semir": 3757, "sakumu": 3758, "dipakai": 3759, "panah": 3760, "dihalui": 3761, "kekalahan": 3762, "memakanmu": 3763, "tersangkanya": 3764, "kaukasia": 3765, "berduri": 3766, "mengayuh": 3767, "sepedanya": 3768, "selandia": 3769, "sarang": 3770, "tahukan": 3771, "bernilai": 3772, "dipertimbangkan": 3773, "mengalir": 3774, "ontario": 3775, "domba": 3776, "memelankan": 3777, "mengabaikan": 3778, "semalaman": 3779, "punk": 3780, "rock": 3781, "sekotak": 3782, "mengantarkannya": 3783, "lempar": 3784, "lemparan": 3785, "keterlambatannya": 3786, "sekompleks": 3787, "menyilangkan": 3788, "kakinya": 3789, "mulutnya": 3790, "tangganya": 3791, "latihan": 3792, "semanga": 3793, "berkeringat": 3794, "merencanakan": 3795, "pasar": 3796, "memotret": 3797, "memfoto": 3798, "basemen": 3799, "tonton": 3800, "tercantik": 3801, "sentimeter": 3802, "aljabar": 3803, "cabang": 3804, "bangkok": 3805, "thailand": 3806, "jarum": 3807, "malammu": 3808, "mengapung": 3809, "berjabat": 3810, "mara": 3811, "utamaku": 3812, "kejujuran": 3813, "jaminan": 3814, "sukses": 3815, "hak": 3816, "cipta": 3817, "ditegakkan": 3818, "luka": 3819, "soalnya": 3820, "perjudian": 3821, "berkumpul": 3822, "bersaing": 3823, "mengejar": 3824, "keinginanku": 3825, "oriental": 3826, "sesehat": 3827, "menyirami": 3828, "bunganya": 3829, "hilton": 3830, "disayangkan": 3831, "filsuf": 3832, "koneksi": 3833, "internetku": 3834, "terputus": 3835, "galaksi": 3836, "dinamakan": 3837, "kocok": 3838, "reminya": 3839, "berdandan": 3840, "melengkapi": 3841, "formulir": 3842, "cowok": 3843, "pelayanannya": 3844, "singa": 3845, "rimba": 3846, "pasiennya": 3847, "membaik": 3848, "pedang": 3849, "terciprati": 3850, "skizofrenia": 3851, "populer": 3852, "bayarkan": 3853, "dibilang": 3854, "menyentuhnya": 3855, "menyusahkan": 3856, "seumuran": 3857, "memohon": 3858, "menuang": 3859, "brandy": 3860, "menyiramkan": 3861, "mengurangi": 3862, "frekuensi": 3863, "minumnya": 3864, "fotonya": 3865, "celsius": 3866, "alkitab": 3867, "menggigit": 3868, "tega": 3869, "keji": 3870, "perdesaan": 3871, "piringnya": 3872, "prmu": 3873, "menyerang": 3874, "akurasi": 3875, "aritmatika": 3876, "layaknya": 3877, "akalmu": 3878, "perpisahan": 3879, "tegang": 3880, "dipertahankan": 3881, "pilihannya": 3882, "perdana": 3883, "penghinaan": 3884, "oxford": 3885, "berkenalan": 3886, "semudah": 3887, "mempergunakan": 3888, "berterimakasih": 3889, "bekal": 3890, "fajar": 3891, "desamu": 3892, "sipir": 3893, "menelponmu": 3894, "perawatan": 3895, "putriku": 3896, "swis": 3897, "semi": 3898, "kimci": 3899, "tradisional": 3900, "nambah": 3901, "kebodohan": 3902, "17": 3903, "juli": 3904, "madu": 3905, "pemanis": 3906, "memindahkan": 3907, "perbatasan": 3908, "dijangkau": 3909, "miliknya": 3910, "250": 3911, "gubuk": 3912, "lembah": 3913, "pengecualian": 3914, "diajari": 3915, "terimakasih": 3916, "militer": 3917, "pendakian": 3918, "menamparnya": 3919, "mengisyaratkan": 3920, "mengikutinya": 3921, "ekspektasinya": 3922, "band": 3923, "ditinggal": 3924, "mengaduk": 3925, "menyebrangi": 3926, "tergerak": 3927, "kuliahnya": 3928, "bermasalah": 3929, "merpati": 3930, "kacamatamu": 3931, "semut": 3932, "wartel": 3933, "warung": 3934, "memandangku": 3935, "membawakan": 3936, "rinci": 3937, "berkualitas": 3938, "kamulah": 3939, "karanganmu": 3940, "virus": 3941, "merusak": 3942, "perangkat": 3943, "tato": 3944, "warisan": 3945, "ditemani": 3946, "memikirkanku": 3947, "begadang": 3948, "mandarin": 3949, "tagihan": 3950, "pertengkaran": 3951, "mengunjungimu": 3952, "menggunakannya": 3953, "perkataanku": 3954, "prku": 3955, "gitarku": 3956, "punyamu": 3957, "papua": 3958, "nugini": 3959, "kebajikan": 3960, "sukar": 3961, "mengulurkan": 3962, "menjabatnya": 3963, "mengundangku": 3964, "dilahirkan": 3965, "park": 3966, "pencandu": 3967, "overdosis": 3968, "15": 3969, "tanahnya": 3970, "berbau": 3971, "dihantam": 3972, "kerajaan": 3973, "supermarketnya": 3974, "mengelilingimu": 3975, "kerugian": 3976, "pengadilan": 3977, "kebutuhanmu": 3978, "kampus": 3979, "didirikan": 3980, "1910": 3981, "biayanya": 3982, "berkeinginan": 3983, "disebelahnya": 3984, "melangkah": 3985, "bersamaan": 3986, "noda": 3987, "swetermu": 3988, "tunai": 3989, "kritis": 3990, "berdasar": 3991, "tertentu": 3992, "berlin": 3993, "mengulanginya": 3994, "lu": 3995, "menyinggungnya": 3996, "persegi": 3997, "papan": 3998, "helen": 3999, "keller": 4000, "tuli": 4001, "bisu": 4002, "rencananya": 4003, "lancang": 4004, "astronom": 4005, "fisika": 4006, "sesibuk": 4007, "ditakuti": 4008, "memasang": 4009, "mengetik": 4010, "sms": 4011, "keselamatan": 4012, "pungutlah": 4013, "sial": 4014, "lembur": 4015, "cangkir": 4016, "posmu": 4017, "petinju": 4018, "hitungan": 4019, "kesembilan": 4020, "seketika": 4021, "gegar": 4022, "bagaikan": 4023, "hakim": 4024, "mengibarkan": 4025, "kuperbuat": 4026, "dimengerti": 4027, "izinku": 4028, "memfotokopi": 4029, "mencucukkan": 4030, "membidik": 4031, "menembakkan": 4032, "tembakan": 4033, "dituntaskan": 4034, "kredibilitas": 4035, "percuma": 4036, "udang": 4037, "diterbitkan": 4038, "terkaya": 4039, "karakter": 4040, "glee": 4041, "kuminta": 4042, "tagihanmu": 4043, "menekan": 4044, "thanksgiving": 4045, "demokrasi": 4046, "saksi": 4047, "opera": 4048, "mencampuradukkan": 4049, "astrologi": 4050, "pengendara": 4051, "asalku": 4052, "dikelilingi": 4053, "cucunya": 4054, "tewas": 4055, "membahagiakan": 4056, "pelajaranmu": 4057, "idiom": 4058, "setidak": 4059, "pepperoni": 4060, "diganggu": 4061, "memperluas": 4062, "wawasanku": 4063, "diamnya": 4064, "gemar": 4065, "didik": 4066, "berbahagialah": 4067, "tumpangan": 4068, "konferensi": 4069, "skotlandia": 4070, "gugur": 4071, "tunda": 4072, "sudahlah": 4073, "menemuinya": 4074, "perekam": 4075, "pita": 4076, "kasetku": 4077, "membolehkanku": 4078, "pertolonganku": 4079, "ramalan": 4080, "meyakinkannya": 4081, "kecantikan": 4082, "1990": 4083, "an": 4084, "peristiwa": 4085, "teluk": 4086, "asap": 4087, "kesepakatannya": 4088, "batal": 4089, "penciuman": 4090, "suhunya": 4091, "satelit": 4092, "diprediksi": 4093, "pegulat": 4094, "kilogram": 4095, "menasihatinya": 4096, "kalender": 4097, "menggantung": 4098, "menyarankannya": 4099, "mendirikan": 4100, "tenda": 4101, "tumbuhan": 4102, "serba": 4103, "guna": 4104, "kekalahannya": 4105, "mencalonkan": 4106, "ketua": 4107, "pertimbangan": 4108, "pondok": 4109, "tk": 4110, "merinding": 4111, "mengasah": 4112, "sodanya": 4113, "tong": 4114, "beranda": 4115, "berkemah": 4116, "pelana": 4117, "menghalangimu": 4118, "meninggalkanku": 4119, "terbalik": 4120, "reaksimu": 4121, "kedamaian": 4122, "ketenangan": 4123, "aluminium": 4124, "800": 4125, "828": 4126, "6322": 4127, "meski": 4128, "sepagi": 4129, "nyali": 4130, "mencemaskanmu": 4131, "pembuangan": 4132, "mencintaiku": 4133, "yakini": 4134, "pemasokku": 4135, "tersangkut": 4136, "eskalator": 4137, "dibuka": 4138, "oktober": 4139, "festival": 4140, "ingatkan": 4141, "hokkaido": 4142, "menghadiahkan": 4143, "jabatan": 4144, "wali": 4145, "diculik": 4146, "renangnya": 4147, "meletus": 4148, "kecilku": 4149, "sup": 4150, "kelulusan": 4151, "isinya": 4152, "roda": 4153, "dangkal": 4154, "reda": 4155, "penggaris": 4156, "bayak": 4157, "janggut": 4158, "definisi": 4159, "kerucut": 4160, "pejabat": 4161, "bertangan": 4162, "lidahnya": 4163, "gubernur": 4164, "texas": 4165, "1994": 4166, "pembicaranya": 4167, "menganggapmu": 4168, "pengasuh": 4169, "kubawa": 4170, "situasinya": 4171, "perkembangan": 4172, "maafkan": 4173, "perayaan": 4174, "gerak": 4175, "kesimpulan": 4176, "dipungkiri": 4177, "subjek": 4178, "konstan": 4179, "jariku": 4180, "diduga": 4181, "membunuhnya": 4182, "membela": 4183, "gemerlap": 4184, "disajikan": 4185, "gurita": 4186, "kaget": 4187, "berbalik": 4188, "termurah": 4189, "menyelingkuhi": 4190, "berbulan": 4191, "kelulusannya": 4192, "menguncinya": 4193, "mengasuh": 4194, "merekomendasikan": 4195, "melamar": 4196, "menyendiri": 4197, "nakuti": 4198, "meneleponku": 4199, "bersahabat": 4200, "terkian": 4201, "berkerlapan": 4202, "benturkan": 4203, "kepalamu": 4204, "pemberi": 4205, "pekerjanya": 4206, "penemuan": 4207, "keberhasilannya": 4208, "menyebar": 4209, "mulsa": 4210, "ladang": 4211, "kakek": 4212, "tinta": 4213, "sebagainya": 4214, "miliuner": 4215, "berpendingin": 4216, "menyelamatkanku": 4217, "mengawasi": 4218, "pelayanan": 4219, "terbodoh": 4220, "kuucapkan": 4221, "pengaruh": 4222, "ditolak": 4223, "tuna": 4224, "aksara": 4225, "melepaskan": 4226, "dahaga": 4227, "molekul": 4228, "berstruktur": 4229, "kristal": 4230, "lintasnya": 4231, "terbentur": 4232, "reputasi": 4233, "memijat": 4234, "pelipisnya": 4235, "melemparkannya": 4236, "dinas": 4237, "diplester": 4238, "lakban": 4239, "berakit": 4240, "rakit": 4241, "hulu": 4242, "tepian": 4243, "bersakit": 4244, "lemon": 4245, "buatlah": 4246, "limun": 4247, "atasnya": 4248, "membahas": 4249, "jengkal": 4250, "dijelajahi": 4251, "memperkirakan": 4252, "adat": 4253, "jaman": 4254, "kolonial": 4255, "bereputasi": 4256, "ditakdirkan": 4257, "musisi": 4258, "sediakala": 4259, "ditentukan": 4260, "kubermimpi": 4261, "hubungannya": 4262, "fasih": 4263, "terhubung": 4264, "internet": 4265, "pertunangan": 4266, "pergerakan": 4267, "swiss": 4268, "mengusirku": 4269, "80": 4270, "persen": 4271, "persimpangan": 4272, "kedokteran": 4273, "gaun": 4274, "mendobrak": 4275, "apartemenku": 4276, "permulaan": 4277, "jembatannya": 4278, "rumit": 4279, "wajan": 4280, "penggorengan": 4281, "konstruksi": 4282, "mengamatinya": 4283, "bersepeda": 4284, "pengucapanmu": 4285, "pelafalanmu": 4286, "awalnya": 4287, "bebicara": 4288, "berharganya": 4289, "terbebas": 4290, "jawabnya": 4291, "kapasitas": 4292, "selusin": 4293, "akordion": 4294, "surel": 4295, "menjemputmu": 4296, "membedakan": 4297, "hijau": 4298, "jangkauan": 4299, "kuil": 4300, "viharanya": 4301, "bermakna": 4302, "pendaftar": 4303, "eratkan": 4304, "dikarenakan": 4305, "penampakan": 4306, "hiu": 4307, "doktor": 4308, "menjinakkan": 4309, "pendidikan": 4310, "pihak": 4311, "kepolisian": 4312, "menyelidiki": 4313, "berjarak": 4314, "perampok": 4315, "koneksinya": 4316, "dimintai": 4317, "kesaksian": 4318, "lembaga": 4319, "keuangan": 4320, "beralkohol": 4321, "lokasi": 4322, "mengingatku": 4323, "mengingatmu": 4324, "zoologi": 4325, "duda": 4326, "smp": 4327, "pecahan": 4328, "berserakan": 4329, "perduli": 4330, "sarangnya": 4331, "kakeknya": 4332, "mainan": 4333, "mengacuhkannya": 4334, "memperingatinya": 4335, "setahu": 4336, "marry": 4337, "sesuaikan": 4338, "dianggap": 4339, "berjaga": 4340, "kubantu": 4341, "kedatanganku": 4342, "dicat": 4343, "baya": 4344, "digugat": 4345, "penyerangan": 4346, "dijawab": 4347, "dompet": 4348, "terpanjang": 4349, "asal": 4350, "ming": 4351, "ditahan": 4352, "matiin": 4353, "tivinya": 4354, "konsentrasi": 4355, "kolera": 4356, "memperingatkan": 4357, "mengantri": 4358, "kroasia": 4359, "tenggara": 4360, "ditawarkan": 4361, "bercerita": 4362, "sahabatku": 4363, "kuselesaikan": 4364, "mogok": 4365, "sebisaku": 4366, "imaginasi": 4367, "hampa": 4368, "reagan": 4369, "berfungsi": 4370, "februari": 4371, "merayap": 4372, "besarnya": 4373, "manhattan": 4374, "pemimpin": 4375, "partai": 4376, "ledakan": 4377, "resesi": 4378, "bangkrut": 4379, "menuliskan": 4380, "tersisa": 4381, "astronot": 4382, "poker": 4383, "tsunami": 4384, "menerjang": 4385, "xilofon": 4386, "biji": 4387, "kabel": 4388, "lecek": 4389, "nara": 4390, "eksistensi": 4391, "peninggalan": 4392, "sewaktu": 4393, "penggalian": 4394, "kesialan": 4395, "cuciannya": 4396, "menyeruput": 4397, "tawar": 4398, "menawar": 4399, "berandai": 4400, "diminta": 4401, "meneruskan": 4402, "pertamaku": 4403, "jackson": 4404, "menepatinya": 4405, "segala": 4406, "lemari": 4407, "sumpit": 4408, "melangsingkan": 4409, "popularitasnya": 4410, "memberlakukan": 4411, "rubah": 4412, "profesor": 4413, "koma": 4414, "berdekatan": 4415, "sejenius": 4416, "perintahkan": 4417, "software": 4418, "filternya": 4419, "kebaikan": 4420, "mengelus": 4421, "elus": 4422, "kepalaku": 4423, "melemah": 4424, "bell": 4425, "penemu": 4426, "berlalu": 4427, "becus": 4428, "permintaanku": 4429, "berbaring": 4430, "marylah": 4431, "berminyak": 4432, "bersikeras": 4433, "jajahan": 4434, "kubayangkan": 4435, "kepentingan": 4436, "tercium": 4437, "pekat": 4438, "ganja": 4439, "mengajarinya": 4440, "wals": 4441, "gembala": 4442, "pudel": 4443, "namun": 4444, "jurusan": 4445, "berjani": 4446, "ultraviolet": 4447, "krisis": 4448, "pengumuman": 4449, "dilakukannya": 4450, "kamusnya": 4451, "kalo": 4452, "tergenang": 4453, "kumbang": 4454, "penduduk": 4455, "perkotaan": 4456, "mengapresiasi": 4457, "karangannya": 4458, "hindari": 4459, "pemisahan": 4460, "berdasarkan": 4461, "ras": 4462, "bapaknya": 4463, "kesabaranku": 4464, "menyempurnakan": 4465, "rinciannya": 4466, "wajib": 4467, "kuta": 4468, "82": 4469, "pamanku": 4470, "dideritanya": 4471, "kedelapan": 4472, "walau": 4473, "ekspektasi": 4474, "perilaku": 4475, "tango": 4476, "terlucu": 4477, "mempengaruhi": 4478, "lenyap": 4479, "kabut": 4480, "berderak": 4481, "derak": 4482, "melaju": 4483, "katanya": 4484, "sedikitnya": 4485, "keesokan": 4486, "menunda": 4487, "sertifikat": 4488, "via": 4489, "mencarikan": 4490, "perkataannya": 4491, "kesan": 4492, "semahal": 4493, "bengkak": 4494, "natal": 4495, "reinkarnasi": 4496, "terlahir": 4497, "iker": 4498, "casillas": 4499, "gawang": 4500, "berpolusi": 4501, "pendekatan": 4502, "sudut": 4503, "meninjau": 4504, "nikita": 4505, "khrushchev": 4506, "kekuatannya": 4507, "bergantung": 4508, "pelukan": 4509, "digantikan": 4510, "starbucks": 4511, "ceri": 4512, "pertamanya": 4513, "mempertegas": 4514, "kasti": 4515, "ursa": 4516, "mayor": 4517, "menyumpah": 4518, "langsing": 4519, "seksi": 4520, "pencuci": 4521, "ponselku": 4522, "abad": 4523, "21": 4524, "kontakku": 4525, "remnya": 4526, "menghafalkan": 4527, "bersandarlah": 4528, "sejenak": 4529, "merkurius": 4530, "terkecil": 4531, "pedih": 4532, "kimono": 4533, "maling": 4534, "desas": 4535, "desus": 4536, "diambilnya": 4537, "youtube": 4538, "ngerti": 4539, "diberi": 4540, "kenalannya": 4541, "mengepos": 4542, "senonohnya": 4543, "media": 4544, "sejenis": 4545, "pula": 4546, "lamamu": 4547, "menyapaku": 4548, "instruktur": 4549, "mengemudiku": 4550, "berpisah": 4551, "kemacetannya": 4552, "hasilkan": 4553, "geng": 4554, "menjauhinya": 4555, "tigabelas": 4556, "pengantin": 4557, "menggosok": 4558, "membangunkanku": 4559, "spageti": 4560, "melilitkannya": 4561, "sesungguhnya": 4562, "menganggapku": 4563, "muat": 4564, "sesusah": 4565, "mantel": 4566, "mendarat": 4567, "menghantam": 4568, "azalea": 4569, "in": 4570, "kilat": 4571, "menyambar": 4572, "pelaku": 4573, "muridnya": 4574, "menyebabkanku": 4575, "wangi": 4576, "rabies": 4577, "tergigit": 4578, "kelelawar": 4579, "ganti": 4580, "lilin": 4581, "ekspor": 4582, "guinea": 4583, "memainkannya": 4584, "ingatan": 4585, "musiknya": 4586, "horor": 4587, "diperiksa": 4588, "bandar": 4589, "berlangganan": 4590, "penaku": 4591, "berbakat": 4592, "tinggalku": 4593, "bangunannya": 4594, "terindah": 4595, "liar": 4596, "mngikutinya": 4597, "diparkir": 4598, "berjongkok": 4599, "entah": 4600, "april": 4601, "mungkinkah": 4602, "menerjemahkan": 4603, "tesis": 4604, "mintalah": 4605, "pengalamannya": 4606, "sesulit": 4607, "taj": 4608, "keajaiban": 4609, "penderita": 4610, "mengunjunginya": 4611, "mewariskan": 4612, "generasi": 4613, "bawaan": 4614, "kilometer": 4615, "melaksanakannya": 4616, "berinvestasi": 4617, "jadinya": 4618, "belanda": 4619, "kincir": 4620, "dijadikan": 4621, "baginya": 4622, "perekonomian": 4623, "perlukan": 4624, "prosedurnya": 4625, "dijalankan": 4626, "menyeluruh": 4627, "bertatap": 4628, "percayakah": 4629, "hotelku": 4630, "berusahan": 4631, "penuaan": 4632, "populasinya": 4633, "mengiklankan": 4634, "adiknya": 4635, "kakaknya": 4636, "cincin": 4637, "membuangnya": 4638, "rembulan": 4639, "membesarkan": 4640, "pendingin": 4641, "efisien": 4642, "asalkan": 4643, "menyetujui": 4644, "memuaskan": 4645, "semarah": 4646, "kagoshima": 4647, "mengobati": 4648, "kekuatan": 4649, "banjir": 4650, "penundaan": 4651, "diketahui": 4652, "memastikan": 4653, "antares": 4654, "skorpio": 4655, "bercermin": 4656, "kesini": 4657, "sekejam": 4658, "rebusan": 4659, "direncanakan": 4660, "kabutnya": 4661, "bandingkan": 4662, "diperangkap": 4663, "potongan": 4664, "hidungnya": 4665, "plastik": 4666, "pendamping": 4667, "zamenhof": 4668, "pencipta": 4669, "pakar": 4670, "oftalmologi": 4671, "meledak": 4672, "menewaskan": 4673, "lembaranmu": 4674, "berkomunikasi": 4675, "negaranya": 4676, "terjangkau": 4677, "kambuh": 4678, "koizumi": 4679, "rentan": 4680, "kirimkan": 4681, "sakitnya": 4682, "pemelihara": 4683, "mencukupi": 4684, "kecakaan": 4685, "didepan": 4686, "penumpang": 4687, "berliannya": 4688, "menyangkal": 4689, "kafe": 4690, "burj": 4691, "khalifa": 4692, "pencakar": 4693, "dikalangan": 4694, "kerena": 4695, "sepakbola": 4696, "menyapanya": 4697, "pinggiran": 4698, "belasan": 4699, "belasungkawa": 4700, "kuandalkan": 4701, "supaya": 4702, "mengecat": 4703, "religi": 4704, "ladino": 4705, "terjemahan": 4706, "ibrani": 4707, "kesenjangan": 4708, "terpelihara": 4709, "inventarisasi": 4710, "saldo": 4711, "peso": 4712, "ketinggian": 4713, "betapa": 4714, "sulitnya": 4715, "takjub": 4716, "emosi": 4717, "fabel": 4718, "menggendongku": 4719, "tidaknya": 4720, "kreatif": 4721, "benda": 4722, "tionghoa": 4723, "mantan": 4724, "kekasihnya": 4725, "pasokan": 4726, "permintaan": 4727, "membacakan": 4728, "kelahiranmu": 4729, "sesantai": 4730, "terlibat": 4731, "pemanasnya": 4732, "giliran": 4733, "steik": 4734, "perusahan": 4735, "karyawannya": 4736, "dirumah": 4737, "guruku": 4738, "karangan": 4739, "inggrisku": 4740, "terhening": 4741, "mencairkan": 4742, "bradenburg": 4743, "tengaran": 4744, "ukulelenya": 4745, "merespon": 4746, "berima": 4747, "sisa": 4748, "bersekolah": 4749, "valentine": 4750, "gajinya": 4751, "berpeluru": 4752, "kebaikannya": 4753, "kedatanganmu": 4754, "didengar": 4755, "pizzaro": 4756, "imperium": 4757, "inca": 4758, "seperempat": 4759, "penghuni": 4760, "dilarikan": 4761, "dibersihkan": 4762, "sempat": 4763, "oak": 4764, "menanganinya": 4765, "peti": 4766, "kayunya": 4767, "linggis": 4768, "dinamit": 4769, "konsernya": 4770, "mereda": 4771, "mengumumkan": 4772, "melambat": 4773, "memperdebatkan": 4774, "teorinya": 4775, "kepunahan": 4776, "dinosaurus": 4777, "revolusi": 4778, "industri": 4779, "bedah": 4780, "dihormati": 4781, "meninggalnya": 4782, "nelson": 4783, "mandela": 4784, "memperlihatkan": 4785, "bilamana": 4786, "memperhatikannya": 4787, "kejahatan": 4788, "menjalankan": 4789, "mendukung": 4790, "upaya": 4791, "keretakan": 4792, "dipahami": 4793, "berpegang": 4794, "prinsip": 4795, "sekilas": 4796, "kapkek": 4797, "taburan": 4798, "vanila": 4799, "mengotori": 4800, "musnah": 4801, "kecepatan": 4802, "hektar": 4803, "'sport'": 4804, "sekelasku": 4805, "meledakkan": 4806, "untungnya": 4807, "termasuk": 4808, "pembayaran": 4809, "layanan": 4810, "survei": 4811, "bermotor": 4812, "mendadak": 4813, "menambahnya": 4814, "menyuruhnya": 4815, "warisannya": 4816, "berjudi": 4817, "ditayangkan": 4818, "diumumkan": 4819, "crunch": 4820, "buncit": 4821, "berjerawat": 4822, "dimaksud": 4823, "pengguna": 4824, "mixi": 4825, "satpam": 4826, "mengamankan": 4827, "ketahuan": 4828, "mengutil": 4829, "kedai": 4830, "gulat": 4831, "dibebaskan": 4832, "pekerjaaan": 4833, "mayoritas": 4834, "berturut": 4835, "kudengar": 4836, "himalaya": 4837, "roger": 4838, "miller": 4839, "drum": 4840, "terjerumus": 4841, "pergaulan": 4842, "pencurian": 4843, "pemanggang": 4844, "berminggu": 4845, "keringat": 4846, "proyeknya": 4847, "usahanya": 4848, "penjelasan": 4849, "persendiaanya": 4850, "kaku": 4851, "posisi": 4852, "cetakan": 4853, "asuransinya": 4854, "tuntutannya": 4855, "disertakan": 4856, "informasinya": 4857, "studi": 4858, "tabir": 4859, "kulitmu": 4860, "setrika": 4861, "mencabut": 4862, "kabelnya": 4863, "stopkontak": 4864, "irene": 4865, "pepperberg": 4866, "peneliti": 4867, "northwestern": 4868, "beo": 4869, "menirukan": 4870, "berkesempatan": 4871, "diinginkannya": 4872, "menginjak": 4873, "tingkatan": 4874, "penutur": 4875}